"","FileFormat","FileSize","DatasetType","SurveyNum","SurveyId","FileType","FileDateLastModified","SurveyYearLabel","SurveyType","SurveyYear","DHS_CountryCode","FileName","CountryName","URLS","Africa","avail"
"5","Stata dataset (.dta)","6132612","Survey Datasets","477","AO2015DHS","Births Recode","June, 28 2017 10:23:44","2015-16","DHS","2015","AO","AOBR71DT.ZIP","Angola","https://dhsprogram.com/customcf/legacy/data/download_dataset.cfm?Filename=AOBR71DT.zip&Tp=1&Ctry_Code=AO&surv_id=477&dm=1&dmode=nm",1,"publicly available"
"71","Flat ASCII data (.dat)","70632","GPS Datasets","477","AO2015DHS","Geographic Data","July, 03 2017 10:59:00","2015-16","DHS","2015","AO","AOGE71FL.zip","Angola","https://dhsprogram.com/customcf/legacy/data/download_dataset.cfm?Filename=AOGE71FL.zip&Tp=2&Ctry_Code=AO&surv_id=477&dm=1&dmode=nm",1,"publicly available"
"72","Stata dataset (.dta)","2181595","Survey Datasets","87","BJ1996DHS","Births Recode","May, 15 2007 12:15:30","1996","DHS","1996","BJ","BJBR31dt.zip","Benin","https://dhsprogram.com/customcf/legacy/data/download_dataset.cfm?Filename=BJBR31DT.zip&Tp=1&Ctry_Code=BJ&surv_id=87&dm=1&dmode=nm",1,"publicly available"
"76","Stata dataset (.dta)","3061981","Survey Datasets","211","BJ2001DHS","Births Recode","May, 15 2007 12:30:36","2001","DHS","2001","BJ","BJBR41dt.zip","Benin","https://dhsprogram.com/customcf/legacy/data/download_dataset.cfm?Filename=BJBR41DT.zip&Tp=1&Ctry_Code=BJ&surv_id=211&dm=1&dmode=nm",1,"publicly available"
"80","Stata dataset (.dta)","8568857","Survey Datasets","289","BJ2006DHS","Births Recode","May, 21 2010 10:47:32","2006","DHS","2006","BJ","BJBR51DT.ZIP","Benin","https://dhsprogram.com/customcf/legacy/data/download_dataset.cfm?Filename=BJBR51DT.zip&Tp=1&Ctry_Code=BJ&surv_id=289&dm=1&dmode=nm",1,"publicly available"
"84","Stata dataset (.dta)","6507446","Survey Datasets","420","BJ2012DHS","Births Recode","July, 17 2018 15:04:58","2011-12","DHS","2012","BJ","BJBR61DT.ZIP","Benin","https://dhsprogram.com/customcf/legacy/data/download_dataset.cfm?Filename=BJBR61DT.zip&Tp=1&Ctry_Code=BJ&surv_id=420&dm=1&dmode=nm",1,"publicly available"
"88","Stata dataset (.dta)","7162371","Survey Datasets","491","BJ2017DHS","Births Recode","April, 01 2019 09:59:42","2017-18","DHS","2017","BJ","BJBR71DT.ZIP","Benin","https://dhsprogram.com/customcf/legacy/data/download_dataset.cfm?Filename=BJBR71DT.zip&Tp=1&Ctry_Code=BJ&surv_id=491&dm=1&dmode=nm",1,"publicly available"
"257","Flat ASCII data (.dat)","25789","GPS Datasets","87","BJ1996DHS","Geographic Data","March, 03 2012 11:31:58","1996","DHS","1996","BJ","BJGE33FL.zip","Benin","https://dhsprogram.com/customcf/legacy/data/download_dataset.cfm?Filename=BJGE33FL.zip&Tp=2&Ctry_Code=BJ&surv_id=87&dm=1&dmode=nm",1,"publicly available"
"258","Flat ASCII data (.dat)","57237","GPS Datasets","211","BJ2001DHS","Geographic Data","March, 05 2012 18:26:54","2001","DHS","2001","BJ","BJGE42FL.zip","Benin","https://dhsprogram.com/customcf/legacy/data/download_dataset.cfm?Filename=BJGE42FL.zip&Tp=2&Ctry_Code=BJ&surv_id=211&dm=1&dmode=nm",1,"publicly available"
"259","Flat ASCII data (.dat)","74053","GPS Datasets","420","BJ2012DHS","Geographic Data","March, 03 2014 10:24:00","2011-12","DHS","2012","BJ","BJGE61FL.ZIP","Benin","https://dhsprogram.com/customcf/legacy/data/download_dataset.cfm?Filename=BJGE61FL.zip&Tp=2&Ctry_Code=BJ&surv_id=420&dm=1&dmode=nm",1,"publicly available"
"260","Flat ASCII data (.dat)","57281","GPS Datasets","491","BJ2017DHS","Geographic Data","April, 01 2019 18:53:15","2017-18","DHS","2017","BJ","BJGE71FL.ZIP","Benin","https://dhsprogram.com/customcf/legacy/data/download_dataset.cfm?Filename=BJGE71FL.zip&Tp=2&Ctry_Code=BJ&surv_id=491&dm=1&dmode=nm",1,"publicly available"
"261","Stata dataset (.dta)","2595141","Survey Datasets","42","BF1993DHS","Births Recode","May, 15 2007 10:45:18","1993","DHS","1993","BF","BFBR21dt.zip","Burkina Faso","https://dhsprogram.com/customcf/legacy/data/download_dataset.cfm?Filename=BFBR21DT.zip&Tp=1&Ctry_Code=BF&surv_id=42&dm=1&dmode=nm",1,"publicly available"
"265","Stata dataset (.dta)","3005166","Survey Datasets","116","BF1999DHS","Births Recode","May, 15 2007 11:07:14","1998-99","DHS","1999","BF","BFBR31dt.zip","Burkina Faso","https://dhsprogram.com/customcf/legacy/data/download_dataset.cfm?Filename=BFBR31DT.zip&Tp=1&Ctry_Code=BF&surv_id=116&dm=1&dmode=nm",1,"publicly available"
"269","Stata dataset (.dta)","5580687","Survey Datasets","230","BF2003DHS","Births Recode","July, 20 2007 11:02:13","2003","DHS","2003","BF","BFBR43dt.zip","Burkina Faso","https://dhsprogram.com/customcf/legacy/data/download_dataset.cfm?Filename=BFBR43DT.zip&Tp=1&Ctry_Code=BF&surv_id=230&dm=1&dmode=nm",1,"publicly available"
"273","Stata dataset (.dta)","6380046","Survey Datasets","329","BF2010DHS","Births Recode","July, 23 2014 12:10:37","2010","DHS","2010","BF","BFBR62DT.ZIP","Burkina Faso","https://dhsprogram.com/customcf/legacy/data/download_dataset.cfm?Filename=BFBR62DT.zip&Tp=1&Ctry_Code=BF&surv_id=329&dm=1&dmode=nm",1,"publicly available"
"445","Flat ASCII data (.dat)","24975","GPS Datasets","42","BF1993DHS","Geographic Data","March, 06 2012 14:42:17","1993","DHS","1993","BF","BFGE23FL.zip","Burkina Faso","https://dhsprogram.com/customcf/legacy/data/download_dataset.cfm?Filename=BFGE23FL.zip&Tp=2&Ctry_Code=BF&surv_id=42&dm=1&dmode=nm",1,"publicly available"
"446","Flat ASCII data (.dat)","49184","GPS Datasets","116","BF1999DHS","Geographic Data","March, 03 2012 11:31:37","1998-99","DHS","1999","BF","BFGE32FL.zip","Burkina Faso","https://dhsprogram.com/customcf/legacy/data/download_dataset.cfm?Filename=BFGE32FL.zip&Tp=2&Ctry_Code=BF&surv_id=116&dm=1&dmode=nm",1,"publicly available"
"447","Flat ASCII data (.dat)","51449","GPS Datasets","230","BF2003DHS","Geographic Data","April, 24 2017 10:36:10","2003","DHS","2003","BF","BFGE43FL.zip","Burkina Faso","https://dhsprogram.com/customcf/legacy/data/download_dataset.cfm?Filename=BFGE43FL.zip&Tp=2&Ctry_Code=BF&surv_id=230&dm=1&dmode=nm",1,"publicly available"
"448","Flat ASCII data (.dat)","62806","GPS Datasets","329","BF2010DHS","Geographic Data","April, 24 2017 10:35:31","2010","DHS","2010","BF","BFGE61FL.zip","Burkina Faso","https://dhsprogram.com/customcf/legacy/data/download_dataset.cfm?Filename=BFGE61FL.zip&Tp=2&Ctry_Code=BF&surv_id=329&dm=1&dmode=nm",1,"publicly available"
"451","Stata dataset (.dta)","1066739","Survey Datasets","16","BU1987DHS","Births Recode","June, 04 2007 19:38:02","1987","DHS","1987","BU","BUBR01dt.zip","Burundi","https://dhsprogram.com/customcf/legacy/data/download_dataset.cfm?Filename=BUBR01DT.zip&Tp=1&Ctry_Code=BU&surv_id=16&dm=1&dmode=nm",1,"publicly available"
"455","Stata dataset (.dta)","3170421","Survey Datasets","346","BU2010DHS","Births Recode","July, 26 2012 12:35:47","2010","DHS","2010","BU","BUBR61DT.ZIP","Burundi","https://dhsprogram.com/customcf/legacy/data/download_dataset.cfm?Filename=BUBR61DT.zip&Tp=1&Ctry_Code=BU&surv_id=346&dm=1&dmode=nm",1,"publicly available"
"459","Stata dataset (.dta)","6761713","Survey Datasets","463","BU2016DHS","Births Recode","April, 04 2018 11:49:01","2016-17","DHS","2016","BU","BUBR70DT.ZIP","Burundi","https://dhsprogram.com/customcf/legacy/data/download_dataset.cfm?Filename=BUBR70DT.zip&Tp=1&Ctry_Code=BU&surv_id=463&dm=1&dmode=nm",1,"publicly available"
"556","Flat ASCII data (.dat)","42119","GPS Datasets","346","BU2010DHS","Geographic Data","April, 24 2017 10:36:47","2010","DHS","2010","BU","BUGE61FL.zip","Burundi","https://dhsprogram.com/customcf/legacy/data/download_dataset.cfm?Filename=BUGE61FL.zip&Tp=2&Ctry_Code=BU&surv_id=346&dm=1&dmode=nm",1,"publicly available"
"558","Flat ASCII data (.dat)","66494","GPS Datasets","463","BU2016DHS","Geographic Data","April, 05 2018 10:23:01","2016-17","DHS","2016","BU","BUGE71FL.ZIP","Burundi","https://dhsprogram.com/customcf/legacy/data/download_dataset.cfm?Filename=BUGE71FL.zip&Tp=2&Ctry_Code=BU&surv_id=463&dm=1&dmode=nm",1,"publicly available"
"559","Stata dataset (.dta)","1457562","Survey Datasets","38","CM1991DHS","Births Recode","May, 16 2007 10:42:12","1991","DHS","1991","CM","CMBR22dt.zip","Cameroon","https://dhsprogram.com/customcf/legacy/data/download_dataset.cfm?Filename=CMBR22DT.zip&Tp=1&Ctry_Code=CM&surv_id=38&dm=1&dmode=nm",1,"publicly available"
"563","Stata dataset (.dta)","1930242","Survey Datasets","101","CM1998DHS","Births Recode","May, 16 2007 10:56:22","1998","DHS","1998","CM","CMBR31dt.zip","Cameroon","https://dhsprogram.com/customcf/legacy/data/download_dataset.cfm?Filename=CMBR31DT.zip&Tp=1&Ctry_Code=CM&surv_id=101&dm=1&dmode=nm",1,"publicly available"
"567","Stata dataset (.dta)","3602162","Survey Datasets","232","CM2004DHS","Births Recode","May, 09 2008 15:54:20","2004","DHS","2004","CM","CMBR44dt.zip","Cameroon","https://dhsprogram.com/customcf/legacy/data/download_dataset.cfm?Filename=CMBR44DT.zip&Tp=1&Ctry_Code=CM&surv_id=232&dm=1&dmode=nm",1,"publicly available"
"571","Stata dataset (.dta)","5482690","Survey Datasets","337","CM2011DHS","Births Recode","March, 30 2017 15:16:52","2011","DHS","2011","CM","CMBR61DT.ZIP","Cameroon","https://dhsprogram.com/customcf/legacy/data/download_dataset.cfm?Filename=CMBR61DT.zip&Tp=1&Ctry_Code=CM&surv_id=337&dm=1&dmode=nm",1,"publicly available"
"709","Flat ASCII data (.dat)","18217","GPS Datasets","38","CM1991DHS","Geographic Data","March, 05 2012 18:26:54","1991","DHS","1991","CM","CMGE23FL.zip","Cameroon","https://dhsprogram.com/customcf/legacy/data/download_dataset.cfm?Filename=CMGE23FL.zip&Tp=2&Ctry_Code=CM&surv_id=38&dm=1&dmode=nm",1,"publicly available"
"710","Flat ASCII data (.dat)","110184","GPS Datasets","232","CM2004DHS","Geographic Data","March, 05 2012 18:26:54","2004","DHS","2004","CM","CMGE42FL.zip","Cameroon","https://dhsprogram.com/customcf/legacy/data/download_dataset.cfm?Filename=CMGE42FL.zip&Tp=2&Ctry_Code=CM&surv_id=232&dm=1&dmode=nm",1,"publicly available"
"711","Flat ASCII data (.dat)","62033","GPS Datasets","337","CM2011DHS","Geographic Data","April, 24 2017 10:37:56","2011","DHS","2011","CM","CMGE61FL.zip","Cameroon","https://dhsprogram.com/customcf/legacy/data/download_dataset.cfm?Filename=CMGE61FL.zip&Tp=2&Ctry_Code=CM&surv_id=337&dm=1&dmode=nm",1,"publicly available"
"712","Stata dataset (.dta)","2275508","Survey Datasets","66","CF1994DHS","Births Recode","May, 16 2007 09:21:58","1994-95","DHS","1994","CF","CFBR31dt.zip","Central African Republic","https://dhsprogram.com/customcf/legacy/data/download_dataset.cfm?Filename=CFBR31DT.zip&Tp=1&Ctry_Code=CF&surv_id=66&dm=1&dmode=nm",1,"publicly available"
"757","Flat ASCII data (.dat)","20042","GPS Datasets","66","CF1994DHS","Geographic Data","March, 05 2012 18:26:54","1994-95","DHS","1994","CF","CFGE33FL.zip","Central African Republic","https://dhsprogram.com/customcf/legacy/data/download_dataset.cfm?Filename=CFGE33FL.zip&Tp=2&Ctry_Code=CF&surv_id=66&dm=1&dmode=nm",1,"publicly available"
"758","Stata dataset (.dta)","3197473","Survey Datasets","83","TD1997DHS","Births Recode","May, 23 2007 10:58:52","1996-97","DHS","1997","TD","TDBR31dt.zip","Chad","https://dhsprogram.com/customcf/legacy/data/download_dataset.cfm?Filename=TDBR31DT.zip&Tp=1&Ctry_Code=TD&surv_id=83&dm=1&dmode=nm",1,"publicly available"
"762","Stata dataset (.dta)","2671197","Survey Datasets","215","TD2004DHS","Births Recode","June, 18 2009 09:22:22","2004","DHS","2004","TD","TDBR41dt.zip","Chad","https://dhsprogram.com/customcf/legacy/data/download_dataset.cfm?Filename=TDBR41DT.zip&Tp=1&Ctry_Code=TD&surv_id=215&dm=1&dmode=nm",1,"publicly available"
"766","Stata dataset (.dta)","7007491","Survey Datasets","465","TD2014DHS","Births Recode","October, 27 2016 08:08:19","2014-15","DHS","2014","TD","TDBR71DT.ZIP","Chad","https://dhsprogram.com/customcf/legacy/data/download_dataset.cfm?Filename=TDBR71DT.zip&Tp=1&Ctry_Code=TD&surv_id=465&dm=1&dmode=nm",1,"publicly available"
"873","Flat ASCII data (.dat)","70009","GPS Datasets","465","TD2014DHS","Geographic Data","March, 08 2017 11:14:38","2014-15","DHS","2014","TD","TDGE71FL.zip","Chad","https://dhsprogram.com/customcf/legacy/data/download_dataset.cfm?Filename=TDGE71FL.zip&Tp=2&Ctry_Code=TD&surv_id=465&dm=1&dmode=nm",1,"publicly available"
"874","Stata dataset (.dta)","1085309","Survey Datasets","93","KM1996DHS","Births Recode","May, 18 2007 13:17:18","1996","DHS","1996","KM","KMBR32dt.zip","Comoros","https://dhsprogram.com/customcf/legacy/data/download_dataset.cfm?Filename=KMBR32DT.zip&Tp=1&Ctry_Code=KM&surv_id=93&dm=1&dmode=nm",1,"publicly available"
"878","Stata dataset (.dta)","1732331","Survey Datasets","443","KM2012DHS","Births Recode","June, 06 2014 15:26:45","2012","DHS","2012","KM","KMBR61DT.ZIP","Comoros","https://dhsprogram.com/customcf/legacy/data/download_dataset.cfm?Filename=KMBR61DT.zip&Tp=1&Ctry_Code=KM&surv_id=443&dm=1&dmode=nm",1,"publicly available"
"944","Flat ASCII data (.dat)","31088","GPS Datasets","443","KM2012DHS","Geographic Data","June, 16 2014 14:33:49","2012","DHS","2012","KM","KMGE61FL.ZIP","Comoros","https://dhsprogram.com/customcf/legacy/data/download_dataset.cfm?Filename=KMGE61FL.zip&Tp=2&Ctry_Code=KM&surv_id=443&dm=1&dmode=nm",1,"publicly available"
"945","Stata dataset (.dta)","2781667","Survey Datasets","267","CG2005DHS","Births Recode","February, 16 2010 14:23:52","2005","DHS","2005","CG","CGBR51DT.ZIP","Congo","https://dhsprogram.com/customcf/legacy/data/download_dataset.cfm?Filename=CGBR51DT.zip&Tp=1&Ctry_Code=CG&surv_id=267&dm=1&dmode=nm",1,"publicly available"
"949","Stata dataset (.dta)","4705695","Survey Datasets","388","CG2011DHS","Births Recode","February, 06 2013 16:05:43","2011-12","DHS","2011","CG","CGBR60DT.ZIP","Congo","https://dhsprogram.com/customcf/legacy/data/download_dataset.cfm?Filename=CGBR60DT.zip&Tp=1&Ctry_Code=CG&surv_id=388&dm=1&dmode=nm",1,"publicly available"
"1023","Stata dataset (.dta)","3626446","Survey Datasets","239","CD2007DHS","Births Recode","July, 09 2009 16:15:35","2007","DHS","2007","CD","CDBR50DT.ZIP","Congo Democratic Republic","https://dhsprogram.com/customcf/legacy/data/download_dataset.cfm?Filename=CDBR50DT.zip&Tp=1&Ctry_Code=CD&surv_id=239&dm=1&dmode=nm",1,"publicly available"
"1027","Stata dataset (.dta)","5667581","Survey Datasets","421","CD2013DHS","Births Recode","January, 07 2015 07:08:19","2013-14","DHS","2013","CD","CDBR61DT.ZIP","Congo Democratic Republic","https://dhsprogram.com/customcf/legacy/data/download_dataset.cfm?Filename=CDBR61DT.zip&Tp=1&Ctry_Code=CD&surv_id=421&dm=1&dmode=nm",1,"publicly available"
"1083","Flat ASCII data (.dat)","36712","GPS Datasets","239","CD2007DHS","Geographic Data","March, 03 2012 11:29:57","2007","DHS","2007","CD","CDGE52FL.zip","Congo Democratic Republic","https://dhsprogram.com/customcf/legacy/data/download_dataset.cfm?Filename=CDGE52FL.zip&Tp=2&Ctry_Code=CD&surv_id=239&dm=1&dmode=nm",1,"publicly available"
"1084","Flat ASCII data (.dat)","63022","GPS Datasets","421","CD2013DHS","Geographic Data","October, 03 2014 08:15:19","2013-14","DHS","2013","CD","CDGE61FL.zip","Congo Democratic Republic","https://dhsprogram.com/customcf/legacy/data/download_dataset.cfm?Filename=CDGE61FL.zip&Tp=2&Ctry_Code=CD&surv_id=421&dm=1&dmode=nm",1,"publicly available"
"1085","Stata dataset (.dta)","2646156","Survey Datasets","62","CI1994DHS","Births Recode","May, 16 2007 10:15:44","1994","DHS","1994","CI","CIBR35dt.zip","Cote d'Ivoire","https://dhsprogram.com/customcf/legacy/data/download_dataset.cfm?Filename=CIBR35DT.zip&Tp=1&Ctry_Code=CI&surv_id=62&dm=1&dmode=nm",1,"publicly available"
"1089","Stata dataset (.dta)","1418368","Survey Datasets","106","CI1998DHS","Births Recode","May, 16 2007 10:01:46","1998-99","DHS","1998","CI","CIBR3Adt.zip","Cote d'Ivoire","https://dhsprogram.com/customcf/legacy/data/download_dataset.cfm?Filename=CIBR3ADT.zip&Tp=1&Ctry_Code=CI&surv_id=106&dm=1&dmode=nm",1,"publicly available"
"1097","Stata dataset (.dta)","3769162","Survey Datasets","311","CI2012DHS","Births Recode","April, 17 2017 11:42:03","2011-12","DHS","2012","CI","CIBR62DT.ZIP","Cote d'Ivoire","https://dhsprogram.com/customcf/legacy/data/download_dataset.cfm?Filename=CIBR62DT.zip&Tp=1&Ctry_Code=CI&surv_id=311&dm=1&dmode=nm",1,"publicly available"
"1221","Flat ASCII data (.dat)","26789","GPS Datasets","62","CI1994DHS","Geographic Data","March, 05 2012 18:26:54","1994","DHS","1994","CI","CIGE33FL.zip","Cote d'Ivoire","https://dhsprogram.com/customcf/legacy/data/download_dataset.cfm?Filename=CIGE33FL.zip&Tp=2&Ctry_Code=CI&surv_id=62&dm=1&dmode=nm",1,"publicly available"
"1222","Flat ASCII data (.dat)","33714","GPS Datasets","106","CI1998DHS","Geographic Data","March, 05 2012 18:26:54","1998-99","DHS","1998","CI","CIGE3BFL.zip","Cote d'Ivoire","https://dhsprogram.com/customcf/legacy/data/download_dataset.cfm?Filename=CIGE3BFL.zip&Tp=2&Ctry_Code=CI&surv_id=106&dm=1&dmode=nm",1,"publicly available"
"1223","Flat ASCII data (.dat)","43075","GPS Datasets","311","CI2012DHS","Geographic Data","September, 12 2013 13:49:15","2011-12","DHS","2012","CI","CIGE61FL.ZIP","Cote d'Ivoire","https://dhsprogram.com/customcf/legacy/data/download_dataset.cfm?Filename=CIGE61FL.zip&Tp=2&Ctry_Code=CI&surv_id=311&dm=1&dmode=nm",1,"publicly available"
"1255","Stata dataset (.dta)","5543397","Survey Datasets","147","ET2000DHS","Births Recode","May, 17 2007 10:49:18","2000","DHS","2000","ET","ETBR41dt.zip","Ethiopia","https://dhsprogram.com/customcf/legacy/data/download_dataset.cfm?Filename=ETBR41DT.zip&Tp=1&Ctry_Code=ET&surv_id=147&dm=1&dmode=nm",1,"publicly available"
"1259","Stata dataset (.dta)","6076142","Survey Datasets","248","ET2005DHS","Births Recode","August, 12 2009 14:28:08","2005","DHS","2005","ET","ETBR51dt.zip","Ethiopia","https://dhsprogram.com/customcf/legacy/data/download_dataset.cfm?Filename=ETBR51DT.zip&Tp=1&Ctry_Code=ET&surv_id=248&dm=1&dmode=nm",1,"publicly available"
"1263","Stata dataset (.dta)","5635495","Survey Datasets","359","ET2011DHS","Births Recode","June, 18 2012 10:12:35","2011","DHS","2011","ET","ETBR61DT.ZIP","Ethiopia","https://dhsprogram.com/customcf/legacy/data/download_dataset.cfm?Filename=ETBR61DT.zip&Tp=1&Ctry_Code=ET&surv_id=359&dm=1&dmode=nm",1,"publicly available"
"1267","Stata dataset (.dta)","6676173","Survey Datasets","478","ET2016DHS","Births Recode","September, 25 2019 09:31:36","2016","DHS","2016","ET","ETBR71DT.ZIP","Ethiopia","https://dhsprogram.com/customcf/legacy/data/download_dataset.cfm?Filename=ETBR71DT.zip&Tp=1&Ctry_Code=ET&surv_id=478&dm=1&dmode=nm",1,"publicly available"
"1390","Flat ASCII data (.dat)","131354","GPS Datasets","147","ET2000DHS","Geographic Data","March, 05 2012 18:26:54","2000","DHS","2000","ET","ETGE42FL.zip","Ethiopia","https://dhsprogram.com/customcf/legacy/data/download_dataset.cfm?Filename=ETGE42FL.zip&Tp=2&Ctry_Code=ET&surv_id=147&dm=1&dmode=nm",1,"publicly available"
"1391","Flat ASCII data (.dat)","62558","GPS Datasets","248","ET2005DHS","Geographic Data","April, 24 2017 10:39:28","2005","DHS","2005","ET","ETGE52FL.zip","Ethiopia","https://dhsprogram.com/customcf/legacy/data/download_dataset.cfm?Filename=ETGE52FL.zip&Tp=2&Ctry_Code=ET&surv_id=248&dm=1&dmode=nm",1,"publicly available"
"1392","Flat ASCII data (.dat)","65317","GPS Datasets","359","ET2011DHS","Geographic Data","April, 06 2012 15:30:23","2011","DHS","2011","ET","ETGE61FL.ZIP","Ethiopia","https://dhsprogram.com/customcf/legacy/data/download_dataset.cfm?Filename=ETGE61FL.zip&Tp=2&Ctry_Code=ET&surv_id=359&dm=1&dmode=nm",1,"publicly available"
"1393","Flat ASCII data (.dat)","121085","GPS Datasets","478","ET2016DHS","Geographic Data","September, 05 2017 11:49:15","2016","DHS","2016","ET","ETGE71FL.ZIP","Ethiopia","https://dhsprogram.com/customcf/legacy/data/download_dataset.cfm?Filename=ETGE71FL.zip&Tp=2&Ctry_Code=ET&surv_id=478&dm=1&dmode=nm",1,"publicly available"
"1394","Stata dataset (.dta)","2664146","Survey Datasets","148","GA2000DHS","Births Recode","July, 26 2010 11:06:59","2000","DHS","2000","GA","GABR41DT.ZIP","Gabon","https://dhsprogram.com/customcf/legacy/data/download_dataset.cfm?Filename=GABR41DT.zip&Tp=1&Ctry_Code=GA&surv_id=148&dm=1&dmode=nm",1,"publicly available"
"1398","Stata dataset (.dta)","3544761","Survey Datasets","402","GA2012DHS","Births Recode","April, 10 2013 14:10:24","2012","DHS","2012","GA","GABR60DT.ZIP","Gabon","https://dhsprogram.com/customcf/legacy/data/download_dataset.cfm?Filename=GABR60DT.zip&Tp=1&Ctry_Code=GA&surv_id=402&dm=1&dmode=nm",1,"publicly available"
"1469","Flat ASCII data (.dat)","43755","GPS Datasets","402","GA2012DHS","Geographic Data","August, 23 2013 12:40:32","2012","DHS","2012","GA","GAGE61FL.ZIP","Gabon","https://dhsprogram.com/customcf/legacy/data/download_dataset.cfm?Filename=GAGE61FL.zip&Tp=2&Ctry_Code=GA&surv_id=402&dm=1&dmode=nm",1,"publicly available"
"1470","Stata dataset (.dta)","3513605","Survey Datasets","425","GM2013DHS","Births Recode","October, 08 2014 12:16:56","2013","DHS","2013","GM","GMBR60DT.ZIP","Gambia","https://dhsprogram.com/customcf/legacy/data/download_dataset.cfm?Filename=GMBR60DT.zip&Tp=1&Ctry_Code=GM&surv_id=425&dm=1&dmode=nm",1,"publicly available"
"1500","Stata dataset (.dta)","1196944","Survey Datasets","25","GH1988DHS","Births Recode","June, 04 2007 20:40:32","1988","DHS","1988","GH","GHBR02dt.zip","Ghana","https://dhsprogram.com/customcf/legacy/data/download_dataset.cfm?Filename=GHBR02DT.zip&Tp=1&Ctry_Code=GH&surv_id=25&dm=1&dmode=nm",1,"publicly available"
"1504","Stata dataset (.dta)","1890703","Survey Datasets","58","GH1993DHS","Births Recode","May, 17 2007 12:33:08","1993","DHS","1993","GH","GHBR31dt.zip","Ghana","https://dhsprogram.com/customcf/legacy/data/download_dataset.cfm?Filename=GHBR31DT.zip&Tp=1&Ctry_Code=GH&surv_id=58&dm=1&dmode=nm",1,"publicly available"
"1508","Stata dataset (.dta)","2776310","Survey Datasets","151","GH1998DHS","Births Recode","May, 17 2007 12:48:34","1998","DHS","1998","GH","GHBR41dt.zip","Ghana","https://dhsprogram.com/customcf/legacy/data/download_dataset.cfm?Filename=GHBR41DT.zip&Tp=1&Ctry_Code=GH&surv_id=151&dm=1&dmode=nm",1,"publicly available"
"1512","Stata dataset (.dta)","2317232","Survey Datasets","235","GH2003DHS","Births Recode","November, 18 2010 10:06:51","2003","DHS","2003","GH","GHBR4BDT.ZIP","Ghana","https://dhsprogram.com/customcf/legacy/data/download_dataset.cfm?Filename=GHBR4BDT.zip&Tp=1&Ctry_Code=GH&surv_id=235&dm=1&dmode=nm",1,"publicly available"
"1516","Stata dataset (.dta)","2183041","Survey Datasets","301","GH2008DHS","Births Recode","June, 07 2012 14:38:57","2008","DHS","2008","GH","GHBR5ADT.ZIP","Ghana","https://dhsprogram.com/customcf/legacy/data/download_dataset.cfm?Filename=GHBR5ADT.zip&Tp=1&Ctry_Code=GH&surv_id=301&dm=1&dmode=nm",1,"publicly available"
"1520","Stata dataset (.dta)","3768985","Survey Datasets","437","GH2014DHS","Births Recode","December, 05 2016 12:58:41","2014","DHS","2014","GH","GHBR72DT.ZIP","Ghana","https://dhsprogram.com/customcf/legacy/data/download_dataset.cfm?Filename=GHBR72DT.zip&Tp=1&Ctry_Code=GH&surv_id=437&dm=1&dmode=nm",1,"publicly available"
"1753","Flat ASCII data (.dat)","37738","GPS Datasets","58","GH1993DHS","Geographic Data","March, 05 2012 18:26:54","1993","DHS","1993","GH","GHGE33FL.zip","Ghana","https://dhsprogram.com/customcf/legacy/data/download_dataset.cfm?Filename=GHGE33FL.zip&Tp=2&Ctry_Code=GH&surv_id=58&dm=1&dmode=nm",1,"publicly available"
"1754","Flat ASCII data (.dat)","91474","GPS Datasets","151","GH1998DHS","Geographic Data","March, 05 2012 18:26:54","1998","DHS","1998","GH","GHGE42FL.zip","Ghana","https://dhsprogram.com/customcf/legacy/data/download_dataset.cfm?Filename=GHGE42FL.zip&Tp=2&Ctry_Code=GH&surv_id=151&dm=1&dmode=nm",1,"publicly available"
"1755","Flat ASCII data (.dat)","95022","GPS Datasets","235","GH2003DHS","Geographic Data","March, 05 2012 18:26:54","2003","DHS","2003","GH","GHGE4BFL.zip","Ghana","https://dhsprogram.com/customcf/legacy/data/download_dataset.cfm?Filename=GHGE4BFL.zip&Tp=2&Ctry_Code=GH&surv_id=235&dm=1&dmode=nm",1,"publicly available"
"1756","Flat ASCII data (.dat)","32520","GPS Datasets","301","GH2008DHS","Geographic Data","March, 05 2012 18:26:54","2008","DHS","2008","GH","GHGE5AFL.zip","Ghana","https://dhsprogram.com/customcf/legacy/data/download_dataset.cfm?Filename=GHGE5AFL.zip&Tp=2&Ctry_Code=GH&surv_id=301&dm=1&dmode=nm",1,"publicly available"
"1757","Flat ASCII data (.dat)","53418","GPS Datasets","437","GH2014DHS","Geographic Data","December, 29 2015 11:45:05","2014","DHS","2014","GH","GHGE71FL.zip","Ghana","https://dhsprogram.com/customcf/legacy/data/download_dataset.cfm?Filename=GHGE71FL.zip&Tp=2&Ctry_Code=GH&surv_id=437&dm=1&dmode=nm",1,"publicly available"
"1760","Stata dataset (.dta)","2993855","Survey Datasets","154","GN1999DHS","Births Recode","May, 17 2007 13:13:44","1999","DHS","1999","GN","GNBR41dt.zip","Guinea","https://dhsprogram.com/customcf/legacy/data/download_dataset.cfm?Filename=GNBR41DT.zip&Tp=1&Ctry_Code=GN&surv_id=154&dm=1&dmode=nm",1,"publicly available"
"1764","Stata dataset (.dta)","3287181","Survey Datasets","249","GN2005DHS","Births Recode","November, 18 2008 13:08:50","2005","DHS","2005","GN","GNBR52dt.zip","Guinea","https://dhsprogram.com/customcf/legacy/data/download_dataset.cfm?Filename=GNBR52DT.zip&Tp=1&Ctry_Code=GN&surv_id=249&dm=1&dmode=nm",1,"publicly available"
"1768","Stata dataset (.dta)","3325218","Survey Datasets","391","GN2012DHS","Births Recode","April, 25 2017 14:13:23","2012","DHS","2012","GN","GNBR62DT.ZIP","Guinea","https://dhsprogram.com/customcf/legacy/data/download_dataset.cfm?Filename=GNBR62DT.zip&Tp=1&Ctry_Code=GN&surv_id=391&dm=1&dmode=nm",1,"publicly available"
"1870","Flat ASCII data (.dat)","72752","GPS Datasets","154","GN1999DHS","Geographic Data","March, 05 2012 18:26:54","1999","DHS","1999","GN","GNGE42FL.zip","Guinea","https://dhsprogram.com/customcf/legacy/data/download_dataset.cfm?Filename=GNGE42FL.zip&Tp=2&Ctry_Code=GN&surv_id=154&dm=1&dmode=nm",1,"publicly available"
"1871","Flat ASCII data (.dat)","64403","GPS Datasets","249","GN2005DHS","Geographic Data","March, 05 2012 18:26:54","2005","DHS","2005","GN","GNGE52FL.zip","Guinea","https://dhsprogram.com/customcf/legacy/data/download_dataset.cfm?Filename=GNGE52FL.zip&Tp=2&Ctry_Code=GN&surv_id=249&dm=1&dmode=nm",1,"publicly available"
"1872","Flat ASCII data (.dat)","41473","GPS Datasets","391","GN2012DHS","Geographic Data","March, 03 2014 10:44:21","2012","DHS","2012","GN","GNGE61FL.ZIP","Guinea","https://dhsprogram.com/customcf/legacy/data/download_dataset.cfm?Filename=GNGE61FL.zip&Tp=2&Ctry_Code=GN&surv_id=391&dm=1&dmode=nm",1,"publicly available"
"1873","Stata dataset (.dta)","1464971","Survey Datasets","20","KE1989DHS","Births Recode","June, 04 2007 21:10:20","1989","DHS","1989","KE","KEBR03dt.zip","Kenya","https://dhsprogram.com/customcf/legacy/data/download_dataset.cfm?Filename=KEBR03DT.zip&Tp=1&Ctry_Code=KE&surv_id=20&dm=1&dmode=nm",1,"publicly available"
"1877","Stata dataset (.dta)","2924653","Survey Datasets","56","KE1993DHS","Births Recode","May, 18 2007 10:39:06","1993","DHS","1993","KE","KEBR33dt.zip","Kenya","https://dhsprogram.com/customcf/legacy/data/download_dataset.cfm?Filename=KEBR33DT.zip&Tp=1&Ctry_Code=KE&surv_id=56&dm=1&dmode=nm",1,"publicly available"
"1881","Stata dataset (.dta)","3017229","Survey Datasets","115","KE1998DHS","Births Recode","May, 18 2007 09:59:16","1998","DHS","1998","KE","KEBR3Adt.zip","Kenya","https://dhsprogram.com/customcf/legacy/data/download_dataset.cfm?Filename=KEBR3ADT.zip&Tp=1&Ctry_Code=KE&surv_id=115&dm=1&dmode=nm",1,"publicly available"
"1885","Stata dataset (.dta)","2936003","Survey Datasets","216","KE2003DHS","Births Recode","November, 19 2010 11:28:14","2003","DHS","2003","KE","KEBR42DT.ZIP","Kenya","https://dhsprogram.com/customcf/legacy/data/download_dataset.cfm?Filename=KEBR42DT.zip&Tp=1&Ctry_Code=KE&surv_id=216&dm=1&dmode=nm",1,"publicly available"
"1889","Stata dataset (.dta)","3592675","Survey Datasets","300","KE2008DHS","Births Recode","November, 04 2010 13:04:29","2008-09","DHS","2008","KE","KEBR52DT.ZIP","Kenya","https://dhsprogram.com/customcf/legacy/data/download_dataset.cfm?Filename=KEBR52DT.zip&Tp=1&Ctry_Code=KE&surv_id=300&dm=1&dmode=nm",1,"publicly available"
"1893","Stata dataset (.dta)","10688934","Survey Datasets","451","KE2014DHS","Births Recode","September, 27 2019 17:04:40","2014","DHS","2014","KE","KEBR72DT.ZIP","Kenya","https://dhsprogram.com/customcf/legacy/data/download_dataset.cfm?Filename=KEBR72DT.zip&Tp=1&Ctry_Code=KE&surv_id=451&dm=1&dmode=nm",1,"publicly available"
"2088","Flat ASCII data (.dat)","45677","GPS Datasets","216","KE2003DHS","Geographic Data","March, 06 2012 14:44:13","2003","DHS","2003","KE","KEGE43FL.zip","Kenya","https://dhsprogram.com/customcf/legacy/data/download_dataset.cfm?Filename=KEGE43FL.zip&Tp=2&Ctry_Code=KE&surv_id=216&dm=1&dmode=nm",1,"publicly available"
"2089","Flat ASCII data (.dat)","44298","GPS Datasets","300","KE2008DHS","Geographic Data","March, 05 2012 18:26:54","2008-09","DHS","2008","KE","KEGE52FL.zip","Kenya","https://dhsprogram.com/customcf/legacy/data/download_dataset.cfm?Filename=KEGE52FL.zip&Tp=2&Ctry_Code=KE&surv_id=300&dm=1&dmode=nm",1,"publicly available"
"2090","Flat ASCII data (.dat)","136583","GPS Datasets","451","KE2014DHS","Geographic Data","January, 28 2016 09:22:12","2014","DHS","2014","KE","KEGE71FL.zip","Kenya","https://dhsprogram.com/customcf/legacy/data/download_dataset.cfm?Filename=KEGE71FL.zip&Tp=2&Ctry_Code=KE&surv_id=451&dm=1&dmode=nm",1,"publicly available"
"2092","Stata dataset (.dta)","2690743","Survey Datasets","256","LS2004DHS","Births Recode","June, 15 2007 15:08:37","2004","DHS","2004","LS","LSBR41dt.zip","Lesotho","https://dhsprogram.com/customcf/legacy/data/download_dataset.cfm?Filename=LSBR41DT.zip&Tp=1&Ctry_Code=LS&surv_id=256&dm=1&dmode=nm",1,"publicly available"
"2096","Stata dataset (.dta)","2730751","Survey Datasets","317","LS2009DHS","Births Recode","November, 10 2015 10:50:48","2009","DHS","2009","LS","LSBR61DT.ZIP","Lesotho","https://dhsprogram.com/customcf/legacy/data/download_dataset.cfm?Filename=LSBR61DT.zip&Tp=1&Ctry_Code=LS&surv_id=317&dm=1&dmode=nm",1,"publicly available"
"2100","Stata dataset (.dta)","2221297","Survey Datasets","462","LS2014DHS","Births Recode","June, 14 2016 11:35:04","2014","DHS","2014","LS","LSBR71DT.ZIP","Lesotho","https://dhsprogram.com/customcf/legacy/data/download_dataset.cfm?Filename=LSBR71DT.zip&Tp=1&Ctry_Code=LS&surv_id=462&dm=1&dmode=nm",1,"publicly available"
"2187","Flat ASCII data (.dat)","92495","GPS Datasets","256","LS2004DHS","Geographic Data","March, 05 2012 18:26:54","2004","DHS","2004","LS","LSGE42FL.zip","Lesotho","https://dhsprogram.com/customcf/legacy/data/download_dataset.cfm?Filename=LSGE42FL.zip&Tp=2&Ctry_Code=LS&surv_id=256&dm=1&dmode=nm",1,"publicly available"
"2188","Flat ASCII data (.dat)","43561","GPS Datasets","317","LS2009DHS","Geographic Data","April, 21 2017 17:17:17","2009","DHS","2009","LS","LSGE62FL.zip","Lesotho","https://dhsprogram.com/customcf/legacy/data/download_dataset.cfm?Filename=LSGE62FL.zip&Tp=2&Ctry_Code=LS&surv_id=317&dm=1&dmode=nm",1,"publicly available"
"2189","Flat ASCII data (.dat)","45015","GPS Datasets","462","LS2014DHS","Geographic Data","June, 21 2016 10:03:31","2014","DHS","2014","LS","LSGE71FL.zip","Lesotho","https://dhsprogram.com/customcf/legacy/data/download_dataset.cfm?Filename=LSGE71FL.zip&Tp=2&Ctry_Code=LS&surv_id=462&dm=1&dmode=nm",1,"publicly available"
"2190","Stata dataset (.dta)","921633","Survey Datasets","7","LB1986DHS","Births Recode","June, 04 2007 21:18:56","1986","DHS","1986","LB","LBBR01dt.zip","Liberia","https://dhsprogram.com/customcf/legacy/data/download_dataset.cfm?Filename=LBBR01DT.zip&Tp=1&Ctry_Code=LB&surv_id=7&dm=1&dmode=nm",1,"publicly available"
"2194","Stata dataset (.dta)","3097126","Survey Datasets","271","LB2007DHS","Births Recode","July, 07 2011 10:46:19","2007","DHS","2007","LB","LBBR51DT.ZIP","Liberia","https://dhsprogram.com/customcf/legacy/data/download_dataset.cfm?Filename=LBBR51DT.zip&Tp=1&Ctry_Code=LB&surv_id=271&dm=1&dmode=nm",1,"publicly available"
"2202","Stata dataset (.dta)","3628255","Survey Datasets","435","LB2013DHS","Births Recode","July, 28 2014 12:48:55","2013","DHS","2013","LB","LBBR6ADT.ZIP","Liberia","https://dhsprogram.com/customcf/legacy/data/download_dataset.cfm?Filename=LBBR6ADT.zip&Tp=1&Ctry_Code=LB&surv_id=435&dm=1&dmode=nm",1,"publicly available"
"2323","Flat ASCII data (.dat)","19203","GPS Datasets","7","LB1986DHS","Geographic Data","March, 05 2012 18:26:54","1986","DHS","1986","LB","LBGE03FL.zip","Liberia","https://dhsprogram.com/customcf/legacy/data/download_dataset.cfm?Filename=LBGE03FL.zip&Tp=2&Ctry_Code=LB&surv_id=7&dm=1&dmode=nm",1,"publicly available"
"2324","Flat ASCII data (.dat)","38081","GPS Datasets","271","LB2007DHS","Geographic Data","April, 27 2017 13:17:44","2007","DHS","2007","LB","LBGE52FL.zip","Liberia","https://dhsprogram.com/customcf/legacy/data/download_dataset.cfm?Filename=LBGE52FL.zip&Tp=2&Ctry_Code=LB&surv_id=271&dm=1&dmode=nm",1,"publicly available"
"2327","Flat ASCII data (.dat)","44376","GPS Datasets","435","LB2013DHS","Geographic Data","September, 23 2014 07:17:17","2013","DHS","2013","LB","LBGE6AFL.zip","Liberia","https://dhsprogram.com/customcf/legacy/data/download_dataset.cfm?Filename=LBGE6AFL.zip&Tp=2&Ctry_Code=LB&surv_id=435&dm=1&dmode=nm",1,"publicly available"
"2329","Stata dataset (.dta)","1915940","Survey Datasets","49","MD1992DHS","Births Recode","May, 21 2007 09:12:36","1992","DHS","1992","MD","MDBR21dt.zip","Madagascar","https://dhsprogram.com/customcf/legacy/data/download_dataset.cfm?Filename=MDBR21DT.zip&Tp=1&Ctry_Code=MD&surv_id=49&dm=1&dmode=nm",1,"publicly available"
"2333","Stata dataset (.dta)","2529918","Survey Datasets","110","MD1997DHS","Births Recode","May, 21 2007 09:47:48","1997","DHS","1997","MD","MDBR31dt.zip","Madagascar","https://dhsprogram.com/customcf/legacy/data/download_dataset.cfm?Filename=MDBR31DT.zip&Tp=1&Ctry_Code=MD&surv_id=110&dm=1&dmode=nm",1,"publicly available"
"2337","Stata dataset (.dta)","3130319","Survey Datasets","207","MD2004DHS","Births Recode","August, 21 2017 14:24:54","2003-04","DHS","2004","MD","MDBR42DT.ZIP","Madagascar","https://dhsprogram.com/customcf/legacy/data/download_dataset.cfm?Filename=MDBR42DT.zip&Tp=1&Ctry_Code=MD&surv_id=207&dm=1&dmode=nm",1,"publicly available"
"2341","Stata dataset (.dta)","6280427","Survey Datasets","296","MD2008DHS","Births Recode","June, 14 2010 10:27:09","2008-09","DHS","2008","MD","MDBR51DT.ZIP","Madagascar","https://dhsprogram.com/customcf/legacy/data/download_dataset.cfm?Filename=MDBR51DT.zip&Tp=1&Ctry_Code=MD&surv_id=296&dm=1&dmode=nm",1,"publicly available"
"2507","Flat ASCII data (.dat)","62774","GPS Datasets","110","MD1997DHS","Geographic Data","March, 05 2012 18:26:54","1997","DHS","1997","MD","MDGE32FL.zip","Madagascar","https://dhsprogram.com/customcf/legacy/data/download_dataset.cfm?Filename=MDGE32FL.zip&Tp=2&Ctry_Code=MD&surv_id=110&dm=1&dmode=nm",1,"publicly available"
"2508","Flat ASCII data (.dat)","43294","GPS Datasets","296","MD2008DHS","Geographic Data","March, 05 2012 18:26:54","2008-09","DHS","2008","MD","MDGE53FL.zip","Madagascar","https://dhsprogram.com/customcf/legacy/data/download_dataset.cfm?Filename=MDGE53FL.zip&Tp=2&Ctry_Code=MD&surv_id=296&dm=1&dmode=nm",1,"publicly available"
"2512","Stata dataset (.dta)","2286742","Survey Datasets","52","MW1992DHS","Births Recode","May, 21 2007 14:15:42","1992","DHS","1992","MW","MWBR22dt.zip","Malawi","https://dhsprogram.com/customcf/legacy/data/download_dataset.cfm?Filename=MWBR22DT.zip&Tp=1&Ctry_Code=MW&surv_id=52&dm=1&dmode=nm",1,"publicly available"
"2516","Stata dataset (.dta)","5548960","Survey Datasets","158","MW2000DHS","Births Recode","May, 21 2007 14:30:44","2000","DHS","2000","MW","MWBR41dt.zip","Malawi","https://dhsprogram.com/customcf/legacy/data/download_dataset.cfm?Filename=MWBR41DT.zip&Tp=1&Ctry_Code=MW&surv_id=158&dm=1&dmode=nm",1,"publicly available"
"2520","Stata dataset (.dta)","4935258","Survey Datasets","251","MW2004DHS","Births Recode","September, 07 2017 17:45:42","2004","DHS","2004","MW","MWBR4EDT.ZIP","Malawi","https://dhsprogram.com/customcf/legacy/data/download_dataset.cfm?Filename=MWBR4EDT.zip&Tp=1&Ctry_Code=MW&surv_id=251&dm=1&dmode=nm",1,"publicly available"
"2524","Stata dataset (.dta)","8927234","Survey Datasets","333","MW2010DHS","Births Recode","December, 22 2011 08:45:26","2010","DHS","2010","MW","MWBR61DT.ZIP","Malawi","https://dhsprogram.com/customcf/legacy/data/download_dataset.cfm?Filename=MWBR61DT.zip&Tp=1&Ctry_Code=MW&surv_id=333&dm=1&dmode=nm",1,"publicly available"
"2528","Stata dataset (.dta)","9130746","Survey Datasets","483","MW2015DHS","Births Recode","September, 29 2019 20:11:14","2015-16","DHS","2015","MW","MWBR7ADT.ZIP","Malawi","https://dhsprogram.com/customcf/legacy/data/download_dataset.cfm?Filename=MWBR7ADT.zip&Tp=1&Ctry_Code=MW&surv_id=483&dm=1&dmode=nm",1,"publicly available"
"2757","Flat ASCII data (.dat)","51333","GPS Datasets","158","MW2000DHS","Geographic Data","March, 05 2012 18:26:54","2000","DHS","2000","MW","MWGE43FL.zip","Malawi","https://dhsprogram.com/customcf/legacy/data/download_dataset.cfm?Filename=MWGE43FL.zip&Tp=2&Ctry_Code=MW&surv_id=158&dm=1&dmode=nm",1,"publicly available"
"2758","Flat ASCII data (.dat)","123630","GPS Datasets","251","MW2004DHS","Geographic Data","March, 05 2012 18:26:54","2004","DHS","2004","MW","MWGE4BFL.zip","Malawi","https://dhsprogram.com/customcf/legacy/data/download_dataset.cfm?Filename=MWGE4BFL.zip&Tp=2&Ctry_Code=MW&surv_id=251&dm=1&dmode=nm",1,"publicly available"
"2759","Flat ASCII data (.dat)","83290","GPS Datasets","333","MW2010DHS","Geographic Data","April, 21 2017 17:15:13","2010","DHS","2010","MW","MWGE62FL.zip","Malawi","https://dhsprogram.com/customcf/legacy/data/download_dataset.cfm?Filename=MWGE62FL.zip&Tp=2&Ctry_Code=MW&surv_id=333&dm=1&dmode=nm",1,"publicly available"
"2762","Flat ASCII data (.dat)","86870","GPS Datasets","483","MW2015DHS","Geographic Data","March, 20 2017 12:29:00","2015-16","DHS","2015","MW","MWGE7AFL.zip","Malawi","https://dhsprogram.com/customcf/legacy/data/download_dataset.cfm?Filename=MWGE7AFL.zip&Tp=2&Ctry_Code=MW&surv_id=483&dm=1&dmode=nm",1,"publicly available"
"2764","Stata dataset (.dta)","928764","Survey Datasets","12","ML1987DHS","Births Recode","June, 06 2007 10:55:10","1987","DHS","1987","ML","MLBR01dt.zip","Mali","https://dhsprogram.com/customcf/legacy/data/download_dataset.cfm?Filename=MLBR01DT.zip&Tp=1&Ctry_Code=ML&surv_id=12&dm=1&dmode=nm",1,"publicly available"
"2768","Stata dataset (.dta)","3465361","Survey Datasets","77","ML1996DHS","Births Recode","May, 21 2007 13:28:06","1995-96","DHS","1996","ML","MLBR32dt.zip","Mali","https://dhsprogram.com/customcf/legacy/data/download_dataset.cfm?Filename=MLBR32DT.zip&Tp=1&Ctry_Code=ML&surv_id=77&dm=1&dmode=nm",1,"publicly available"
"2772","Stata dataset (.dta)","5604027","Survey Datasets","159","ML2001DHS","Births Recode","June, 08 2007 09:46:20","2001","DHS","2001","ML","MLBR41dt.zip","Mali","https://dhsprogram.com/customcf/legacy/data/download_dataset.cfm?Filename=MLBR41DT.zip&Tp=1&Ctry_Code=ML&surv_id=159&dm=1&dmode=nm",1,"publicly available"
"2776","Stata dataset (.dta)","6760928","Survey Datasets","276","ML2006DHS","Births Recode","January, 14 2015 19:37:16","2006","DHS","2006","ML","MLBR53DT.ZIP","Mali","https://dhsprogram.com/customcf/legacy/data/download_dataset.cfm?Filename=MLBR53DT.zip&Tp=1&Ctry_Code=ML&surv_id=276&dm=1&dmode=nm",1,"publicly available"
"2780","Stata dataset (.dta)","4421278","Survey Datasets","405","ML2012DHS","Births Recode","January, 29 2019 11:53:29","2012-13","DHS","2012","ML","MLBR6ADT.ZIP","Mali","https://dhsprogram.com/customcf/legacy/data/download_dataset.cfm?Filename=MLBR6ADT.zip&Tp=1&Ctry_Code=ML&surv_id=405&dm=1&dmode=nm",1,"publicly available"
"2784","Stata dataset (.dta)","5136245","Survey Datasets","517","ML2018DHS","Births Recode","September, 03 2019 16:54:39","2018","DHS","2018","ML","MLBR7HDT.ZIP","Mali","https://dhsprogram.com/customcf/legacy/data/download_dataset.cfm?Filename=MLBR7HDT.zip&Tp=1&Ctry_Code=ML&surv_id=517&dm=1&dmode=nm",1,"publicly available"
"2998","Flat ASCII data (.dat)","35323","GPS Datasets","77","ML1996DHS","Geographic Data","March, 05 2012 18:26:54","1995-96","DHS","1996","ML","MLGE33FL.zip","Mali","https://dhsprogram.com/customcf/legacy/data/download_dataset.cfm?Filename=MLGE33FL.zip&Tp=2&Ctry_Code=ML&surv_id=77&dm=1&dmode=nm",1,"publicly available"
"2999","Flat ASCII data (.dat)","97394","GPS Datasets","159","ML2001DHS","Geographic Data","March, 05 2012 18:26:54","2001","DHS","2001","ML","MLGE42FL.zip","Mali","https://dhsprogram.com/customcf/legacy/data/download_dataset.cfm?Filename=MLGE42FL.zip&Tp=2&Ctry_Code=ML&surv_id=159&dm=1&dmode=nm",1,"publicly available"
"3000","Flat ASCII data (.dat)","115572","GPS Datasets","276","ML2006DHS","Geographic Data","March, 05 2012 18:26:54","2006","DHS","2006","ML","MLGE52FL.zip","Mali","https://dhsprogram.com/customcf/legacy/data/download_dataset.cfm?Filename=MLGE52FL.zip&Tp=2&Ctry_Code=ML&surv_id=276&dm=1&dmode=nm",1,"publicly available"
"3002","Flat ASCII data (.dat)","59235","GPS Datasets","405","ML2012DHS","Geographic Data","August, 04 2017 09:45:45","2012-13","DHS","2012","ML","MLGE6BFL.zip","Mali","https://dhsprogram.com/customcf/legacy/data/download_dataset.cfm?Filename=MLGE6BFL.zip&Tp=2&Ctry_Code=ML&surv_id=405&dm=1&dmode=nm",1,"publicly available"
"3004","Flat ASCII data (.dat)","43007","GPS Datasets","517","ML2018DHS","Geographic Data","September, 19 2019 10:49:16","2018","DHS","2018","ML","MLGE7AFL.ZIP","Mali","https://dhsprogram.com/customcf/legacy/data/download_dataset.cfm?Filename=MLGE7AFL.zip&Tp=2&Ctry_Code=ML&surv_id=517&dm=1&dmode=nm",1,"publicly available"
"3005","Stata dataset (.dta)","2039568","Survey Datasets","17","MA1987DHS","Births Recode","June, 06 2007 10:48:20","1987","DHS","1987","MA","MABR01dt.zip","Morocco","https://dhsprogram.com/customcf/legacy/data/download_dataset.cfm?Filename=MABR01DT.zip&Tp=1&Ctry_Code=MA&surv_id=17&dm=1&dmode=nm",1,"publicly available"
"3009","Stata dataset (.dta)","2492522","Survey Datasets","47","MA1992DHS","Births Recode","May, 18 2007 14:48:28","1992","DHS","1992","MA","MABR21dt.zip","Morocco","https://dhsprogram.com/customcf/legacy/data/download_dataset.cfm?Filename=MABR21DT.zip&Tp=1&Ctry_Code=MA&surv_id=47&dm=1&dmode=nm",1,"publicly available"
"3013","Stata dataset (.dta)","4171035","Survey Datasets","214","MA2003DHS","Births Recode","May, 05 2008 13:16:37","2003-04","DHS","2003","MA","MABR43dt.zip","Morocco","https://dhsprogram.com/customcf/legacy/data/download_dataset.cfm?Filename=MABR43DT.zip&Tp=1&Ctry_Code=MA&surv_id=214&dm=1&dmode=nm",1,"publicly available"
"3099","Flat ASCII data (.dat)","122114","GPS Datasets","214","MA2003DHS","Geographic Data","March, 05 2012 18:26:54","2003-04","DHS","2003","MA","MAGE43FL.zip","Morocco","https://dhsprogram.com/customcf/legacy/data/download_dataset.cfm?Filename=MAGE43FL.zip&Tp=2&Ctry_Code=MA&surv_id=214&dm=1&dmode=nm",1,"publicly available"
"3100","Stata dataset (.dta)","2773925","Survey Datasets","105","MZ1997DHS","Births Recode","May, 21 2007 15:25:12","1997","DHS","1997","MZ","MZBR31dt.zip","Mozambique","https://dhsprogram.com/customcf/legacy/data/download_dataset.cfm?Filename=MZBR31DT.zip&Tp=1&Ctry_Code=MZ&surv_id=105&dm=1&dmode=nm",1,"publicly available"
"3104","Stata dataset (.dta)","5625631","Survey Datasets","174","MZ2003DHS","Births Recode","May, 21 2007 15:40:50","2003","DHS","2003","MZ","MZBR41dt.zip","Mozambique","https://dhsprogram.com/customcf/legacy/data/download_dataset.cfm?Filename=MZBR41DT.zip&Tp=1&Ctry_Code=MZ&surv_id=174&dm=1&dmode=nm",1,"publicly available"
"3108","Stata dataset (.dta)","5451980","Survey Datasets","362","MZ2011DHS","Births Recode","February, 07 2014 16:51:05","2011","DHS","2011","MZ","MZBR62DT.ZIP","Mozambique","https://dhsprogram.com/customcf/legacy/data/download_dataset.cfm?Filename=MZBR62DT.zip&Tp=1&Ctry_Code=MZ&surv_id=362&dm=1&dmode=nm",1,"publicly available"
"3271","Flat ASCII data (.dat)","60958","GPS Datasets","362","MZ2011DHS","Geographic Data","May, 09 2013 10:38:53","2011","DHS","2011","MZ","MZGE61FL.ZIP","Mozambique","https://dhsprogram.com/customcf/legacy/data/download_dataset.cfm?Filename=MZGE61FL.zip&Tp=2&Ctry_Code=MZ&surv_id=362&dm=1&dmode=nm",1,"publicly available"
"3274","Stata dataset (.dta)","2151367","Survey Datasets","48","NM1992DHS","Births Recode","May, 22 2007 12:09:40","1992","DHS","1992","NM","NMBR21dt.zip","Namibia","https://dhsprogram.com/customcf/legacy/data/download_dataset.cfm?Filename=NMBR21DT.zip&Tp=1&Ctry_Code=NM&surv_id=48&dm=1&dmode=nm",1,"publicly available"
"3278","Stata dataset (.dta)","2188888","Survey Datasets","205","NM2000DHS","Births Recode","May, 22 2007 12:39:16","2000","DHS","2000","NM","NMBR41dt.zip","Namibia","https://dhsprogram.com/customcf/legacy/data/download_dataset.cfm?Filename=NMBR41DT.zip&Tp=1&Ctry_Code=NM&surv_id=205&dm=1&dmode=nm",1,"publicly available"
"3282","Stata dataset (.dta)","2991648","Survey Datasets","284","NM2006DHS","Births Recode","April, 22 2009 10:51:15","2006-07","DHS","2006","NM","NMBR51DT.ZIP","Namibia","https://dhsprogram.com/customcf/legacy/data/download_dataset.cfm?Filename=NMBR51DT.zip&Tp=1&Ctry_Code=NM&surv_id=284&dm=1&dmode=nm",1,"publicly available"
"3286","Stata dataset (.dta)","2839596","Survey Datasets","363","NM2013DHS","Births Recode","June, 22 2015 13:24:34","2013","DHS","2013","NM","NMBR61DT.ZIP","Namibia","https://dhsprogram.com/customcf/legacy/data/download_dataset.cfm?Filename=NMBR61DT.zip&Tp=1&Ctry_Code=NM&surv_id=363&dm=1&dmode=nm",1,"publicly available"
"3405","Flat ASCII data (.dat)","58914","GPS Datasets","205","NM2000DHS","Geographic Data","March, 05 2012 18:26:54","2000","DHS","2000","NM","NMGE42FL.zip","Namibia","https://dhsprogram.com/customcf/legacy/data/download_dataset.cfm?Filename=NMGE42FL.zip&Tp=2&Ctry_Code=NM&surv_id=205&dm=1&dmode=nm",1,"publicly available"
"3406","Flat ASCII data (.dat)","51565","GPS Datasets","284","NM2006DHS","Geographic Data","March, 23 2017 16:53:42","2006-07","DHS","2006","NM","NMGE53FL.zip","Namibia","https://dhsprogram.com/customcf/legacy/data/download_dataset.cfm?Filename=NMGE53FL.zip&Tp=2&Ctry_Code=NM&surv_id=284&dm=1&dmode=nm",1,"publicly available"
"3407","Flat ASCII data (.dat)","63822","GPS Datasets","363","NM2013DHS","Geographic Data","February, 05 2015 07:46:06","2013","DHS","2013","NM","NMGE61FL.ZIP","Namibia","https://dhsprogram.com/customcf/legacy/data/download_dataset.cfm?Filename=NMGE61FL.zip&Tp=2&Ctry_Code=NM&surv_id=363&dm=1&dmode=nm",1,"publicly available"
"3408","Stata dataset (.dta)","2591149","Survey Datasets","53","NI1992DHS","Births Recode","May, 22 2007 11:44:08","1992","DHS","1992","NI","NIBR22dt.zip","Niger","https://dhsprogram.com/customcf/legacy/data/download_dataset.cfm?Filename=NIBR22DT.zip&Tp=1&Ctry_Code=NI&surv_id=53&dm=1&dmode=nm",1,"publicly available"
"3412","Stata dataset (.dta)","2864772","Survey Datasets","99","NI1998DHS","Births Recode","May, 22 2007 11:53:38","1998","DHS","1998","NI","NIBR31dt.zip","Niger","https://dhsprogram.com/customcf/legacy/data/download_dataset.cfm?Filename=NIBR31DT.zip&Tp=1&Ctry_Code=NI&surv_id=99&dm=1&dmode=nm",1,"publicly available"
"3416","Stata dataset (.dta)","4441558","Survey Datasets","277","NI2006DHS","Births Recode","July, 22 2009 13:18:23","2006","DHS","2006","NI","NIBR51dt.zip","Niger","https://dhsprogram.com/customcf/legacy/data/download_dataset.cfm?Filename=NIBR51DT.zip&Tp=1&Ctry_Code=NI&surv_id=277&dm=1&dmode=nm",1,"publicly available"
"3420","Stata dataset (.dta)","5794060","Survey Datasets","407","NI2012DHS","Births Recode","January, 17 2014 10:46:08","2012","DHS","2012","NI","NIBR61DT.ZIP","Niger","https://dhsprogram.com/customcf/legacy/data/download_dataset.cfm?Filename=NIBR61DT.zip&Tp=1&Ctry_Code=NI&surv_id=407&dm=1&dmode=nm",1,"publicly available"
"3558","Flat ASCII data (.dat)","22233","GPS Datasets","53","NI1992DHS","Geographic Data","March, 05 2012 18:26:54","1992","DHS","1992","NI","NIGE23FL.zip","Niger","https://dhsprogram.com/customcf/legacy/data/download_dataset.cfm?Filename=NIGE23FL.zip&Tp=2&Ctry_Code=NI&surv_id=53&dm=1&dmode=nm",1,"publicly available"
"3559","Flat ASCII data (.dat)","29717","GPS Datasets","99","NI1998DHS","Geographic Data","March, 05 2012 18:26:54","1998","DHS","1998","NI","NIGE32FL.zip","Niger","https://dhsprogram.com/customcf/legacy/data/download_dataset.cfm?Filename=NIGE32FL.zip&Tp=2&Ctry_Code=NI&surv_id=99&dm=1&dmode=nm",1,"publicly available"
"3560","Stata dataset (.dta)","2563446","Survey Datasets","32","NG1990DHS","Births Recode","May, 22 2007 11:25:04","1990","DHS","1990","NG","NGBR21dt.zip","Nigeria","https://dhsprogram.com/customcf/legacy/data/download_dataset.cfm?Filename=NGBR21DT.zip&Tp=1&Ctry_Code=NG&surv_id=32&dm=1&dmode=nm",1,"publicly available"
"3564","Stata dataset (.dta)","3405108","Survey Datasets","223","NG2003DHS","Births Recode","May, 22 2007 11:07:38","2003","DHS","2003","NG","NGBR4Bdt.zip","Nigeria","https://dhsprogram.com/customcf/legacy/data/download_dataset.cfm?Filename=NGBR4BDT.zip&Tp=1&Ctry_Code=NG&surv_id=223&dm=1&dmode=nm",1,"publicly available"
"3568","Stata dataset (.dta)","9683838","Survey Datasets","302","NG2008DHS","Births Recode","January, 07 2015 09:43:29","2008","DHS","2008","NG","NGBR53DT.ZIP","Nigeria","https://dhsprogram.com/customcf/legacy/data/download_dataset.cfm?Filename=NGBR53DT.zip&Tp=1&Ctry_Code=NG&surv_id=302&dm=1&dmode=nm",1,"publicly available"
"3576","Stata dataset (.dta)","14043417","Survey Datasets","438","NG2013DHS","Births Recode","June, 02 2014 12:24:50","2013","DHS","2013","NG","NGBR6ADT.ZIP","Nigeria","https://dhsprogram.com/customcf/legacy/data/download_dataset.cfm?Filename=NGBR6ADT.zip&Tp=1&Ctry_Code=NG&surv_id=438&dm=1&dmode=nm",1,"publicly available"
"3729","Flat ASCII data (.dat)","29613","GPS Datasets","32","NG1990DHS","Geographic Data","April, 21 2017 17:12:43","1990","DHS","1990","NG","NGGE23FL.zip","Nigeria","https://dhsprogram.com/customcf/legacy/data/download_dataset.cfm?Filename=NGGE23FL.zip&Tp=2&Ctry_Code=NG&surv_id=32&dm=1&dmode=nm",1,"publicly available"
"3730","Flat ASCII data (.dat)","287807","GPS Datasets","223","NG2003DHS","Geographic Data","March, 05 2012 18:26:54","2003","DHS","2003","NG","NGGE4BFL.zip","Nigeria","https://dhsprogram.com/customcf/legacy/data/download_dataset.cfm?Filename=NGGE4BFL.zip&Tp=2&Ctry_Code=NG&surv_id=223&dm=1&dmode=nm",1,"publicly available"
"3731","Flat ASCII data (.dat)","84925","GPS Datasets","302","NG2008DHS","Geographic Data","April, 21 2017 17:12:14","2008","DHS","2008","NG","NGGE52FL.zip","Nigeria","https://dhsprogram.com/customcf/legacy/data/download_dataset.cfm?Filename=NGGE52FL.zip&Tp=2&Ctry_Code=NG&surv_id=302&dm=1&dmode=nm",1,"publicly available"
"3733","Flat ASCII data (.dat)","86827","GPS Datasets","438","NG2013DHS","Geographic Data","June, 17 2014 08:17:08","2013","DHS","2013","NG","NGGE6AFL.ZIP","Nigeria","https://dhsprogram.com/customcf/legacy/data/download_dataset.cfm?Filename=NGGE6AFL.zip&Tp=2&Ctry_Code=NG&surv_id=438&dm=1&dmode=nm",1,"publicly available"
"3758","Stata dataset (.dta)","1994697","Survey Datasets","43","RW1992DHS","Births Recode","May, 23 2007 09:51:04","1992","DHS","1992","RW","RWBR21dt.zip","Rwanda","https://dhsprogram.com/customcf/legacy/data/download_dataset.cfm?Filename=RWBR21DT.zip&Tp=1&Ctry_Code=RW&surv_id=43&dm=1&dmode=nm",1,"publicly available"
"3762","Stata dataset (.dta)","3318456","Survey Datasets","165","RW2000DHS","Births Recode","March, 23 2017 13:33:01","2000","DHS","2000","RW","RWBR41DT.ZIP","Rwanda","https://dhsprogram.com/customcf/legacy/data/download_dataset.cfm?Filename=RWBR41DT.zip&Tp=1&Ctry_Code=RW&surv_id=165&dm=1&dmode=nm",1,"publicly available"
"3766","Stata dataset (.dta)","4179578","Survey Datasets","252","RW2005DHS","Births Recode","January, 10 2011 14:01:21","2005","DHS","2005","RW","RWBR53DT.ZIP","Rwanda","https://dhsprogram.com/customcf/legacy/data/download_dataset.cfm?Filename=RWBR53DT.zip&Tp=1&Ctry_Code=RW&surv_id=252&dm=1&dmode=nm",1,"publicly available"
"3770","Stata dataset (.dta)","1574848","Survey Datasets","323","RW2008DHS","Births Recode","July, 26 2010 14:39:50","2007-08","DHS","2008","RW","RWBR5ADT.ZIP","Rwanda","https://dhsprogram.com/customcf/legacy/data/download_dataset.cfm?Filename=RWBR5ADT.zip&Tp=1&Ctry_Code=RW&surv_id=323&dm=1&dmode=nm",1,"publicly available"
"3774","Stata dataset (.dta)","4366702","Survey Datasets","364","RW2010DHS","Births Recode","March, 13 2012 15:19:13","2010","DHS","2010","RW","RWBR61DT.ZIP","Rwanda","https://dhsprogram.com/customcf/legacy/data/download_dataset.cfm?Filename=RWBR61DT.zip&Tp=1&Ctry_Code=RW&surv_id=364&dm=1&dmode=nm",1,"publicly available"
"3778","Stata dataset (.dta)","4104657","Survey Datasets","468","RW2015DHS","Births Recode","May, 10 2016 17:35:00","2014-15","DHS","2015","RW","RWBR70DT.ZIP","Rwanda","https://dhsprogram.com/customcf/legacy/data/download_dataset.cfm?Filename=RWBR70DT.zip&Tp=1&Ctry_Code=RW&surv_id=468&dm=1&dmode=nm",1,"publicly available"
"4002","Flat ASCII data (.dat)","54009","GPS Datasets","252","RW2005DHS","Geographic Data","April, 21 2017 17:07:07","2005","DHS","2005","RW","RWGE54FL.zip","Rwanda","https://dhsprogram.com/customcf/legacy/data/download_dataset.cfm?Filename=RWGE54FL.zip&Tp=2&Ctry_Code=RW&surv_id=252&dm=1&dmode=nm",1,"publicly available"
"4003","Flat ASCII data (.dat)","20926","GPS Datasets","323","RW2008DHS","Geographic Data","March, 05 2012 18:26:54","2007-08","DHS","2008","RW","RWGE5BFL.zip","Rwanda","https://dhsprogram.com/customcf/legacy/data/download_dataset.cfm?Filename=RWGE5BFL.zip&Tp=2&Ctry_Code=RW&surv_id=323&dm=1&dmode=nm",1,"publicly available"
"4004","Flat ASCII data (.dat)","56943","GPS Datasets","364","RW2010DHS","Geographic Data","March, 19 2012 13:16:17","2010","DHS","2010","RW","RWGE61FL.ZIP","Rwanda","https://dhsprogram.com/customcf/legacy/data/download_dataset.cfm?Filename=RWGE61FL.zip&Tp=2&Ctry_Code=RW&surv_id=364&dm=1&dmode=nm",1,"publicly available"
"4005","Flat ASCII data (.dat)","60176","GPS Datasets","468","RW2015DHS","Geographic Data","April, 27 2017 13:23:30","2014-15","DHS","2015","RW","RWGE72FL.zip","Rwanda","https://dhsprogram.com/customcf/legacy/data/download_dataset.cfm?Filename=RWGE72FL.zip&Tp=2&Ctry_Code=RW&surv_id=468&dm=1&dmode=nm",1,"publicly available"
"4006","Stata dataset (.dta)","1443896","Survey Datasets","318","ST2008DHS","Births Recode","December, 01 2010 10:04:29","2008-09","DHS","2008","ST","STBR50DT.ZIP","Sao Tome and Principe","https://dhsprogram.com/customcf/legacy/data/download_dataset.cfm?Filename=STBR50DT.zip&Tp=1&Ctry_Code=ST&surv_id=318&dm=1&dmode=nm",1,"publicly available"
"4036","Stata dataset (.dta)","959600","Survey Datasets","3","SN1986DHS","Births Recode","June, 06 2007 12:02:00","1986","DHS","1986","SN","SNBR02dt.zip","Senegal","https://dhsprogram.com/customcf/legacy/data/download_dataset.cfm?Filename=SNBR02DT.zip&Tp=1&Ctry_Code=SN&surv_id=3&dm=1&dmode=nm",1,"publicly available"
"4040","Stata dataset (.dta)","2528845","Survey Datasets","46","SN1993DHS","Births Recode","May, 23 2007 10:43:02","1992-93","DHS","1993","SN","SNBR21dt.zip","Senegal","https://dhsprogram.com/customcf/legacy/data/download_dataset.cfm?Filename=SNBR21DT.zip&Tp=1&Ctry_Code=SN&surv_id=46&dm=1&dmode=nm",1,"publicly available"
"4044","Stata dataset (.dta)","2021205","Survey Datasets","81","SN1997DHS","Births Recode","May, 23 2007 10:50:50","1997","DHS","1997","SN","SNBR32dt.zip","Senegal","https://dhsprogram.com/customcf/legacy/data/download_dataset.cfm?Filename=SNBR32DT.zip&Tp=1&Ctry_Code=SN&surv_id=81&dm=1&dmode=nm",1,"publicly available"
"4048","Stata dataset (.dta)","5153722","Survey Datasets","233","SN2005DHS","Births Recode","August, 31 2007 08:10:59","2005","DHS","2005","SN","SNBR4Hdt.zip","Senegal","https://dhsprogram.com/customcf/legacy/data/download_dataset.cfm?Filename=SNBR4HDT.zip&Tp=1&Ctry_Code=SN&surv_id=233&dm=1&dmode=nm",1,"publicly available"
"4056","Stata dataset (.dta)","5005930","Survey Datasets","365","SN2010DHS","Births Recode","October, 29 2014 14:14:05","2010-11","DHS","2010","SN","SNBR61DT.ZIP","Senegal","https://dhsprogram.com/customcf/legacy/data/download_dataset.cfm?Filename=SNBR61DT.zip&Tp=1&Ctry_Code=SN&surv_id=365&dm=1&dmode=nm",1,"publicly available"
"4060","Stata dataset (.dta)","2755338","Survey Datasets","423","SN2012DHS","Births Recode","September, 10 2015 11:19:41","2012-13","DHS","2012","SN","SNBR6DDT.ZIP","Senegal","https://dhsprogram.com/customcf/legacy/data/download_dataset.cfm?Filename=SNBR6DDT.zip&Tp=1&Ctry_Code=SN&surv_id=423&dm=1&dmode=nm",1,"publicly available"
"4064","Stata dataset (.dta)","8328756","Survey Datasets","457","SN2014DHS","Births Recode","April, 10 2015 16:02:34","2014","DHS","2014","SN","SNBR70DT.zip","Senegal","https://dhsprogram.com/customcf/legacy/data/download_dataset.cfm?Filename=SNBR70DT.zip&Tp=1&Ctry_Code=SN&surv_id=457&dm=1&dmode=nm",1,"publicly available"
"4068","Stata dataset (.dta)","3036853","Survey Datasets","489","SN2015DHS","Births Recode","November, 10 2016 12:29:36","2015","DHS","2015","SN","SNBR7HDT.ZIP","Senegal","https://dhsprogram.com/customcf/legacy/data/download_dataset.cfm?Filename=SNBR7HDT.zip&Tp=1&Ctry_Code=SN&surv_id=489&dm=1&dmode=nm",1,"publicly available"
"4072","Stata dataset (.dta)","8594805","Survey Datasets","524","SN2016DHS","Births Recode","June, 22 2018 11:58:30","2016","DHS","2016","SN","SNBR7IDT.ZIP","Senegal","https://dhsprogram.com/customcf/legacy/data/download_dataset.cfm?Filename=SNBR7IDT.zip&Tp=1&Ctry_Code=SN&surv_id=524&dm=1&dmode=nm",1,"publicly available"
"4076","Stata dataset (.dta)","6428928","Survey Datasets","534","SN2017DHS","Births Recode","September, 26 2018 17:12:01","2017","DHS","2017","SN","SNBR7ZDT.ZIP","Senegal","https://dhsprogram.com/customcf/legacy/data/download_dataset.cfm?Filename=SNBR7ZDT.zip&Tp=1&Ctry_Code=SN&surv_id=534&dm=1&dmode=nm",1,"publicly available"
"4393","Flat ASCII data (.dat)","22704","GPS Datasets","46","SN1993DHS","Geographic Data","March, 05 2012 18:26:54","1992-93","DHS","1993","SN","SNGE23FL.zip","Senegal","https://dhsprogram.com/customcf/legacy/data/download_dataset.cfm?Filename=SNGE23FL.zip&Tp=2&Ctry_Code=SN&surv_id=46&dm=1&dmode=nm",1,"publicly available"
"4394","Flat ASCII data (.dat)","76514","GPS Datasets","81","SN1997DHS","Geographic Data","March, 05 2012 18:26:54","1997","DHS","1997","SN","SNGE32FL.zip","Senegal","https://dhsprogram.com/customcf/legacy/data/download_dataset.cfm?Filename=SNGE32FL.zip&Tp=2&Ctry_Code=SN&surv_id=81&dm=1&dmode=nm",1,"publicly available"
"4395","Flat ASCII data (.dat)","83106","GPS Datasets","233","SN2005DHS","Geographic Data","March, 05 2012 18:26:54","2005","DHS","2005","SN","SNGE4BFL.zip","Senegal","https://dhsprogram.com/customcf/legacy/data/download_dataset.cfm?Filename=SNGE4BFL.zip&Tp=2&Ctry_Code=SN&surv_id=233&dm=1&dmode=nm",1,"publicly available"
"4397","Flat ASCII data (.dat)","47230","GPS Datasets","365","SN2010DHS","Geographic Data","May, 18 2012 09:17:23","2010-11","DHS","2010","SN","SNGE61FL.ZIP","Senegal","https://dhsprogram.com/customcf/legacy/data/download_dataset.cfm?Filename=SNGE61FL.zip&Tp=2&Ctry_Code=SN&surv_id=365&dm=1&dmode=nm",1,"publicly available"
"4398","Flat ASCII data (.dat)","31001","GPS Datasets","423","SN2012DHS","Geographic Data","April, 21 2017 17:01:13","2012-13","DHS","2012","SN","SNGE6AFL.zip","Senegal","https://dhsprogram.com/customcf/legacy/data/download_dataset.cfm?Filename=SNGE6AFL.zip&Tp=2&Ctry_Code=SN&surv_id=423&dm=1&dmode=nm",1,"publicly available"
"4399","Flat ASCII data (.dat)","63903","GPS Datasets","457","SN2014DHS","Geographic Data","October, 10 2017 08:37:41","2014","DHS","2014","SN","SNGE71FL.ZIP","Senegal","https://dhsprogram.com/customcf/legacy/data/download_dataset.cfm?Filename=SNGE71FL.zip&Tp=2&Ctry_Code=SN&surv_id=457&dm=1&dmode=nm",1,"publicly available"
"4400","Flat ASCII data (.dat)","33445","GPS Datasets","489","SN2015DHS","Geographic Data","September, 28 2017 16:37:23","2015","DHS","2015","SN","SNGE7AFL.ZIP","Senegal","https://dhsprogram.com/customcf/legacy/data/download_dataset.cfm?Filename=SNGE7AFL.zip&Tp=2&Ctry_Code=SN&surv_id=489&dm=1&dmode=nm",1,"publicly available"
"4401","Flat ASCII data (.dat)","33254","GPS Datasets","524","SN2016DHS","Geographic Data","October, 03 2017 11:34:43","2016","DHS","2016","SN","SNGE7IFL.ZIP","Senegal","https://dhsprogram.com/customcf/legacy/data/download_dataset.cfm?Filename=SNGE7IFL.zip&Tp=2&Ctry_Code=SN&surv_id=524&dm=1&dmode=nm",1,"publicly available"
"4402","Stata dataset (.dta)","3030443","Survey Datasets","324","SL2008DHS","Births Recode","July, 16 2010 12:18:35","2008","DHS","2008","SL","SLBR51DT.ZIP","Sierra Leone","https://dhsprogram.com/customcf/legacy/data/download_dataset.cfm?Filename=SLBR51DT.zip&Tp=1&Ctry_Code=SL&surv_id=324&dm=1&dmode=nm",1,"publicly available"
"4406","Stata dataset (.dta)","5460856","Survey Datasets","450","SL2013DHS","Births Recode","September, 17 2014 18:46:18","2013","DHS","2013","SL","SLBR61DT.ZIP","Sierra Leone","https://dhsprogram.com/customcf/legacy/data/download_dataset.cfm?Filename=SLBR61DT.zip&Tp=1&Ctry_Code=SL&surv_id=450&dm=1&dmode=nm",1,"publicly available"
"4479","Flat ASCII data (.dat)","40332","GPS Datasets","324","SL2008DHS","Geographic Data","April, 21 2017 17:02:07","2008","DHS","2008","SL","SLGE53FL.zip","Sierra Leone","https://dhsprogram.com/customcf/legacy/data/download_dataset.cfm?Filename=SLGE53FL.zip&Tp=2&Ctry_Code=SL&surv_id=324&dm=1&dmode=nm",1,"publicly available"
"4480","Flat ASCII data (.dat)","50825","GPS Datasets","450","SL2013DHS","Geographic Data","September, 26 2014 08:28:59","2013","DHS","2013","SL","SLGE61FL.zip","Sierra Leone","https://dhsprogram.com/customcf/legacy/data/download_dataset.cfm?Filename=SLGE61FL.zip&Tp=2&Ctry_Code=SL&surv_id=450&dm=1&dmode=nm",1,"publicly available"
"4482","Stata dataset (.dta)","2786321","Survey Datasets","113","ZA1998DHS","Births Recode","May, 25 2007 13:46:20","1998","DHS","1998","ZA","ZABR31dt.zip","South Africa","https://dhsprogram.com/customcf/legacy/data/download_dataset.cfm?Filename=ZABR31DT.zip&Tp=1&Ctry_Code=ZA&surv_id=113&dm=1&dmode=nm",1,"publicly available"
"4486","Stata dataset (.dta)","2893535","Survey Datasets","390","ZA2016DHS","Births Recode","January, 29 2019 21:21:39","2016","DHS","2016","ZA","ZABR71DT.ZIP","South Africa","https://dhsprogram.com/customcf/legacy/data/download_dataset.cfm?Filename=ZABR71DT.zip&Tp=1&Ctry_Code=ZA&surv_id=390&dm=1&dmode=nm",1,"publicly available"
"4542","Flat ASCII data (.dat)","79899","GPS Datasets","390","ZA2016DHS","Geographic Data","July, 27 2018 10:52:07","2016","DHS","2016","ZA","ZAGE71FL.ZIP","South Africa","https://dhsprogram.com/customcf/legacy/data/download_dataset.cfm?Filename=ZAGE71FL.zip&Tp=2&Ctry_Code=ZA&surv_id=390&dm=1&dmode=nm",1,"publicly available"
"4543","Stata dataset (.dta)","1448962","Survey Datasets","29","SD1990DHS","Births Recode","June, 06 2007 11:53:44","1989-90","DHS","1990","SD","SDBR02dt.zip","Sudan","https://dhsprogram.com/customcf/legacy/data/download_dataset.cfm?Filename=SDBR02DT.zip&Tp=1&Ctry_Code=SD&surv_id=29&dm=1&dmode=nm",1,"publicly available"
"4561","Stata dataset (.dta)","3280180","Survey Datasets","41","TZ1992DHS","Births Recode","May, 23 2007 13:07:04","1991-92","DHS","1992","TZ","TZBR21dt.zip","Tanzania","https://dhsprogram.com/customcf/legacy/data/download_dataset.cfm?Filename=TZBR21DT.zip&Tp=1&Ctry_Code=TZ&surv_id=41&dm=1&dmode=nm",1,"publicly available"
"4565","Stata dataset (.dta)","3305830","Survey Datasets","82","TZ1996DHS","Births Recode","May, 23 2007 12:00:06","1996","DHS","1996","TZ","TZBR3Adt.zip","Tanzania","https://dhsprogram.com/customcf/legacy/data/download_dataset.cfm?Filename=TZBR3ADT.zip&Tp=1&Ctry_Code=TZ&surv_id=82&dm=1&dmode=nm",1,"publicly available"
"4569","Stata dataset (.dta)","1588334","Survey Datasets","167","TZ1999DHS","Births Recode","May, 23 2007 13:25:42","1999","DHS","1999","TZ","TZBR41dt.zip","Tanzania","https://dhsprogram.com/customcf/legacy/data/download_dataset.cfm?Filename=TZBR41DT.zip&Tp=1&Ctry_Code=TZ&surv_id=167&dm=1&dmode=nm",1,"publicly available"
"4573","Stata dataset (.dta)","4441760","Survey Datasets","253","TZ2004DHS","Births Recode","July, 14 2009 15:55:44","2004-05","DHS","2004","TZ","TZBR4IDT.ZIP","Tanzania","https://dhsprogram.com/customcf/legacy/data/download_dataset.cfm?Filename=TZBR4IDT.zip&Tp=1&Ctry_Code=TZ&surv_id=253&dm=1&dmode=nm",1,"publicly available"
"4581","Stata dataset (.dta)","4977084","Survey Datasets","345","TZ2010DHS","Births Recode","February, 13 2014 19:51:26","2010","DHS","2010","TZ","TZBR63DT.ZIP","Tanzania","https://dhsprogram.com/customcf/legacy/data/download_dataset.cfm?Filename=TZBR63DT.zip&Tp=1&Ctry_Code=TZ&surv_id=345&dm=1&dmode=nm",1,"publicly available"
"4589","Stata dataset (.dta)","6514245","Survey Datasets","485","TZ2015DHS","Births Recode","September, 28 2019 17:58:14","2015-16","DHS","2015","TZ","TZBR7BDT.ZIP","Tanzania","https://dhsprogram.com/customcf/legacy/data/download_dataset.cfm?Filename=TZBR7BDT.zip&Tp=1&Ctry_Code=TZ&surv_id=485&dm=1&dmode=nm",1,"publicly available"
"4862","Flat ASCII data (.dat)","14249","GPS Datasets","167","TZ1999DHS","Geographic Data","March, 29 2012 15:49:30","1999","DHS","1999","TZ","TZGE43FL.ZIP","Tanzania","https://dhsprogram.com/customcf/legacy/data/download_dataset.cfm?Filename=TZGE43FL.zip&Tp=2&Ctry_Code=TZ&surv_id=167&dm=1&dmode=nm",1,"publicly available"
"4865","Flat ASCII data (.dat)","48544","GPS Datasets","345","TZ2010DHS","Geographic Data","February, 13 2012 10:02:13","2010","DHS","2010","TZ","TZGE61FL.ZIP","Tanzania","https://dhsprogram.com/customcf/legacy/data/download_dataset.cfm?Filename=TZGE61FL.zip&Tp=2&Ctry_Code=TZ&surv_id=345&dm=1&dmode=nm",1,"publicly available"
"4867","Flat ASCII data (.dat)","65477","GPS Datasets","485","TZ2015DHS","Geographic Data","March, 08 2017 11:17:11","2015-16","DHS","2015","TZ","TZGE7AFL.zip","Tanzania","https://dhsprogram.com/customcf/legacy/data/download_dataset.cfm?Filename=TZGE7AFL.zip&Tp=2&Ctry_Code=TZ&surv_id=485&dm=1&dmode=nm",1,"publicly available"
"4869","Stata dataset (.dta)","977789","Survey Datasets","22","TG1988DHS","Births Recode","June, 06 2007 12:21:48","1988","DHS","1988","TG","TGBR01dt.zip","Togo","https://dhsprogram.com/customcf/legacy/data/download_dataset.cfm?Filename=TGBR01DT.zip&Tp=1&Ctry_Code=TG&surv_id=22&dm=1&dmode=nm",1,"publicly available"
"4873","Stata dataset (.dta)","2923629","Survey Datasets","114","TG1998DHS","Births Recode","May, 23 2007 11:14:32","1998","DHS","1998","TG","TGBR31dt.zip","Togo","https://dhsprogram.com/customcf/legacy/data/download_dataset.cfm?Filename=TGBR31DT.zip&Tp=1&Ctry_Code=TG&surv_id=114&dm=1&dmode=nm",1,"publicly available"
"4877","Stata dataset (.dta)","3570000","Survey Datasets","328","TG2013DHS","Births Recode","April, 01 2015 10:51:33","2013-14","DHS","2013","TG","TGBR61DT.ZIP","Togo","https://dhsprogram.com/customcf/legacy/data/download_dataset.cfm?Filename=TGBR61DT.zip&Tp=1&Ctry_Code=TG&surv_id=328&dm=1&dmode=nm",1,"publicly available"
"4984","Flat ASCII data (.dat)","18103","GPS Datasets","22","TG1988DHS","Geographic Data","March, 05 2012 18:26:54","1988","DHS","1988","TG","TGGE03FL.zip","Togo","https://dhsprogram.com/customcf/legacy/data/download_dataset.cfm?Filename=TGGE03FL.zip&Tp=2&Ctry_Code=TG&surv_id=22&dm=1&dmode=nm",1,"publicly available"
"4985","Flat ASCII data (.dat)","66626","GPS Datasets","114","TG1998DHS","Geographic Data","March, 05 2012 18:26:54","1998","DHS","1998","TG","TGGE32FL.zip","Togo","https://dhsprogram.com/customcf/legacy/data/download_dataset.cfm?Filename=TGGE32FL.zip&Tp=2&Ctry_Code=TG&surv_id=114&dm=1&dmode=nm",1,"publicly available"
"4986","Flat ASCII data (.dat)","42344","GPS Datasets","328","TG2013DHS","Geographic Data","April, 15 2015 09:03:39","2013-14","DHS","2013","TG","TGGE62FL.zip","Togo","https://dhsprogram.com/customcf/legacy/data/download_dataset.cfm?Filename=TGGE62FL.zip&Tp=2&Ctry_Code=TG&surv_id=328&dm=1&dmode=nm",1,"publicly available"
"4988","Stata dataset (.dta)","1462815","Survey Datasets","26","TN1988DHS","Births Recode","June, 06 2007 12:44:38","1988","DHS","1988","TN","TNBR02dt.zip","Tunisia","https://dhsprogram.com/customcf/legacy/data/download_dataset.cfm?Filename=TNBR02DT.zip&Tp=1&Ctry_Code=TN&surv_id=26&dm=1&dmode=nm",1,"publicly available"
"5016","Stata dataset (.dta)","1356554","Survey Datasets","27","UG1988DHS","Births Recode","June, 06 2007 13:15:00","1988-89","DHS","1988","UG","UGBR01dt.zip","Uganda","https://dhsprogram.com/customcf/legacy/data/download_dataset.cfm?Filename=UGBR01DT.zip&Tp=1&Ctry_Code=UG&surv_id=27&dm=1&dmode=nm",1,"publicly available"
"5020","Stata dataset (.dta)","3112972","Survey Datasets","76","UG1995DHS","Births Recode","May, 23 2007 14:19:52","1995","DHS","1995","UG","UGBR33dt.zip","Uganda","https://dhsprogram.com/customcf/legacy/data/download_dataset.cfm?Filename=UGBR33DT.zip&Tp=1&Ctry_Code=UG&surv_id=76&dm=1&dmode=nm",1,"publicly available"
"5024","Stata dataset (.dta)","3845848","Survey Datasets","169","UG2000DHS","Births Recode","May, 23 2007 14:37:20","2000-01","DHS","2000","UG","UGBR41dt.zip","Uganda","https://dhsprogram.com/customcf/legacy/data/download_dataset.cfm?Filename=UGBR41DT.zip&Tp=1&Ctry_Code=UG&surv_id=169&dm=1&dmode=nm",1,"publicly available"
"5028","Stata dataset (.dta)","4149751","Survey Datasets","266","UG2006DHS","Births Recode","October, 04 2011 15:22:54","2006","DHS","2006","UG","UGBR52DT.ZIP","Uganda","https://dhsprogram.com/customcf/legacy/data/download_dataset.cfm?Filename=UGBR52DT.zip&Tp=1&Ctry_Code=UG&surv_id=266&dm=1&dmode=nm",1,"publicly available"
"5036","Stata dataset (.dta)","3547583","Survey Datasets","399","UG2011DHS","Births Recode","August, 28 2012 18:56:44","2011","DHS","2011","UG","UGBR60DT.ZIP","Uganda","https://dhsprogram.com/customcf/legacy/data/download_dataset.cfm?Filename=UGBR60DT.zip&Tp=1&Ctry_Code=UG&surv_id=399&dm=1&dmode=nm",1,"publicly available"
"5040","Stata dataset (.dta)","7789193","Survey Datasets","504","UG2016DHS","Births Recode","May, 28 2019 10:27:22","2016","DHS","2016","UG","UGBR7BDT.ZIP","Uganda","https://dhsprogram.com/customcf/legacy/data/download_dataset.cfm?Filename=UGBR7BDT.zip&Tp=1&Ctry_Code=UG&surv_id=504&dm=1&dmode=nm",1,"publicly available"
"5289","Flat ASCII data (.dat)","31177","GPS Datasets","169","UG2000DHS","Geographic Data","March, 05 2012 18:26:54","2000-01","DHS","2000","UG","UGGE43FL.zip","Uganda","https://dhsprogram.com/customcf/legacy/data/download_dataset.cfm?Filename=UGGE43FL.zip&Tp=2&Ctry_Code=UG&surv_id=169&dm=1&dmode=nm",1,"publicly available"
"5290","Flat ASCII data (.dat)","36538","GPS Datasets","266","UG2006DHS","Geographic Data","March, 05 2012 18:26:54","2006","DHS","2006","UG","UGGE53FL.zip","Uganda","https://dhsprogram.com/customcf/legacy/data/download_dataset.cfm?Filename=UGGE53FL.zip&Tp=2&Ctry_Code=UG&surv_id=266&dm=1&dmode=nm",1,"publicly available"
"5292","Flat ASCII data (.dat)","44865","GPS Datasets","399","UG2011DHS","Geographic Data","April, 21 2017 16:59:43","2011","DHS","2011","UG","UGGE61FL.zip","Uganda","https://dhsprogram.com/customcf/legacy/data/download_dataset.cfm?Filename=UGGE61FL.zip&Tp=2&Ctry_Code=UG&surv_id=399&dm=1&dmode=nm",1,"publicly available"
"5295","Flat ASCII data (.dat)","90168","GPS Datasets","504","UG2016DHS","Geographic Data","March, 09 2018 18:09:45","2016","DHS","2016","UG","UGGE7AFL.ZIP","Uganda","https://dhsprogram.com/customcf/legacy/data/download_dataset.cfm?Filename=UGGE7AFL.zip&Tp=2&Ctry_Code=UG&surv_id=504&dm=1&dmode=nm",1,"publicly available"
"5296","Stata dataset (.dta)","2602972","Survey Datasets","51","ZM1992DHS","Births Recode","May, 25 2007 13:59:40","1992","DHS","1992","ZM","ZMBR21dt.zip","Zambia","https://dhsprogram.com/customcf/legacy/data/download_dataset.cfm?Filename=ZMBR21DT.zip&Tp=1&Ctry_Code=ZM&surv_id=51&dm=1&dmode=nm",1,"publicly available"
"5300","Stata dataset (.dta)","3223014","Survey Datasets","90","ZM1996DHS","Births Recode","May, 25 2007 14:38:54","1996","DHS","1996","ZM","ZMBR31dt.zip","Zambia","https://dhsprogram.com/customcf/legacy/data/download_dataset.cfm?Filename=ZMBR31DT.zip&Tp=1&Ctry_Code=ZM&surv_id=90&dm=1&dmode=nm",1,"publicly available"
"5304","Stata dataset (.dta)","3761662","Survey Datasets","206","ZM2002DHS","Births Recode","May, 25 2007 15:30:46","2001-02","DHS","2002","ZM","ZMBR42dt.zip","Zambia","https://dhsprogram.com/customcf/legacy/data/download_dataset.cfm?Filename=ZMBR42DT.zip&Tp=1&Ctry_Code=ZM&surv_id=206&dm=1&dmode=nm",1,"publicly available"
"5308","Stata dataset (.dta)","3292642","Survey Datasets","278","ZM2007DHS","Births Recode","March, 18 2010 14:17:53","2007","DHS","2007","ZM","ZMBR51DT.ZIP","Zambia","https://dhsprogram.com/customcf/legacy/data/download_dataset.cfm?Filename=ZMBR51DT.zip&Tp=1&Ctry_Code=ZM&surv_id=278&dm=1&dmode=nm",1,"publicly available"
"5312","Stata dataset (.dta)","6240496","Survey Datasets","406","ZM2013DHS","Births Recode","April, 17 2015 12:03:53","2013-14","DHS","2013","ZM","ZMBR61DT.ZIP","Zambia","https://dhsprogram.com/customcf/legacy/data/download_dataset.cfm?Filename=ZMBR61DT.zip&Tp=1&Ctry_Code=ZM&surv_id=406&dm=1&dmode=nm",1,"publicly available"
"5462","Flat ASCII data (.dat)","75554","GPS Datasets","278","ZM2007DHS","Geographic Data","March, 05 2012 18:26:54","2007","DHS","2007","ZM","ZMGE52FL.zip","Zambia","https://dhsprogram.com/customcf/legacy/data/download_dataset.cfm?Filename=ZMGE52FL.zip&Tp=2&Ctry_Code=ZM&surv_id=278&dm=1&dmode=nm",1,"publicly available"
"5463","Flat ASCII data (.dat)","82794","GPS Datasets","406","ZM2013DHS","Geographic Data","May, 04 2015 11:31:55","2013-14","DHS","2013","ZM","ZMGE61FL.zip","Zambia","https://dhsprogram.com/customcf/legacy/data/download_dataset.cfm?Filename=ZMGE61FL.zip&Tp=2&Ctry_Code=ZM&surv_id=406&dm=1&dmode=nm",1,"publicly available"
"5464","Stata dataset (.dta)","1415239","Survey Datasets","21","ZW1988DHS","Births Recode","June, 06 2007 13:21:26","1988","DHS","1988","ZW","ZWBR01dt.zip","Zimbabwe","https://dhsprogram.com/customcf/legacy/data/download_dataset.cfm?Filename=ZWBR01DT.zip&Tp=1&Ctry_Code=ZW&surv_id=21&dm=1&dmode=nm",1,"publicly available"
"5468","Stata dataset (.dta)","2137506","Survey Datasets","64","ZW1994DHS","Births Recode","May, 25 2007 15:36:24","1994","DHS","1994","ZW","ZWBR31dt.zip","Zimbabwe","https://dhsprogram.com/customcf/legacy/data/download_dataset.cfm?Filename=ZWBR31DT.zip&Tp=1&Ctry_Code=ZW&surv_id=64&dm=1&dmode=nm",1,"publicly available"
"5472","Stata dataset (.dta)","1928053","Survey Datasets","184","ZW1999DHS","Births Recode","January, 11 2010 14:01:04","1999","DHS","1999","ZW","ZWBR42DT.ZIP","Zimbabwe","https://dhsprogram.com/customcf/legacy/data/download_dataset.cfm?Filename=ZWBR42DT.zip&Tp=1&Ctry_Code=ZW&surv_id=184&dm=1&dmode=nm",1,"publicly available"
"5476","Stata dataset (.dta)","3418589","Survey Datasets","260","ZW2005DHS","Births Recode","December, 01 2016 15:16:41","2005-06","DHS","2005","ZW","ZWBR52DT.ZIP","Zimbabwe","https://dhsprogram.com/customcf/legacy/data/download_dataset.cfm?Filename=ZWBR52DT.zip&Tp=1&Ctry_Code=ZW&surv_id=260&dm=1&dmode=nm",1,"publicly available"
"5480","Stata dataset (.dta)","3194118","Survey Datasets","367","ZW2010DHS","Births Recode","September, 06 2012 12:59:31","2010-11","DHS","2010","ZW","ZWBR62DT.ZIP","Zimbabwe","https://dhsprogram.com/customcf/legacy/data/download_dataset.cfm?Filename=ZWBR62DT.zip&Tp=1&Ctry_Code=ZW&surv_id=367&dm=1&dmode=nm",1,"publicly available"
"5484","Stata dataset (.dta)","4054306","Survey Datasets","475","ZW2015DHS","Births Recode","September, 23 2019 20:00:54","2015","DHS","2015","ZW","ZWBR72DT.ZIP","Zimbabwe","https://dhsprogram.com/customcf/legacy/data/download_dataset.cfm?Filename=ZWBR72DT.zip&Tp=1&Ctry_Code=ZW&surv_id=475&dm=1&dmode=nm",1,"publicly available"
"5672","Flat ASCII data (.dat)","61854","GPS Datasets","184","ZW1999DHS","Geographic Data","March, 05 2012 18:26:54","1999","DHS","1999","ZW","ZWGE42FL.zip","Zimbabwe","https://dhsprogram.com/customcf/legacy/data/download_dataset.cfm?Filename=ZWGE42FL.zip&Tp=2&Ctry_Code=ZW&surv_id=184&dm=1&dmode=nm",1,"publicly available"
"5673","Flat ASCII data (.dat)","48808","GPS Datasets","260","ZW2005DHS","Geographic Data","April, 27 2017 13:27:05","2005-06","DHS","2005","ZW","ZWGE52FL.zip","Zimbabwe","https://dhsprogram.com/customcf/legacy/data/download_dataset.cfm?Filename=ZWGE52FL.zip&Tp=2&Ctry_Code=ZW&surv_id=260&dm=1&dmode=nm",1,"publicly available"
"5674","Flat ASCII data (.dat)","47040","GPS Datasets","367","ZW2010DHS","Geographic Data","April, 06 2012 15:30:55","2010-11","DHS","2010","ZW","ZWGE61FL.ZIP","Zimbabwe","https://dhsprogram.com/customcf/legacy/data/download_dataset.cfm?Filename=ZWGE61FL.zip&Tp=2&Ctry_Code=ZW&surv_id=367&dm=1&dmode=nm",1,"publicly available"
"5675","Flat ASCII data (.dat)","51336","GPS Datasets","475","ZW2015DHS","Geographic Data","April, 27 2017 13:26:31","2015","DHS","2015","ZW","ZWGE72FL.zip","Zimbabwe","https://dhsprogram.com/customcf/legacy/data/download_dataset.cfm?Filename=ZWGE72FL.zip&Tp=2&Ctry_Code=ZW&surv_id=475&dm=1&dmode=nm",1,"publicly available"
